datetime,temperature,humidity,pressure,windspeed
9/1/2017 0:00,307.67,61,1006,5
9/1/2017 1:00,306.61,58,1006,0
9/1/2017 2:00,306.44,43,1007,0
9/1/2017 3:00,305.84,36,1006,0
9/1/2017 4:00,304.5,26,1005,1
9/1/2017 5:00,303.16,38,1005,0
9/1/2017 6:00,300.87,48,1007,2
9/1/2017 7:00,299.08,61,1008,1
9/1/2017 8:00,298.31,88,1008,2
9/1/2017 9:00,297.77,94,1008,2
9/1/2017 10:00,297.16,88,1009,0
9/1/2017 11:00,296.92,73,1008,0
9/1/2017 12:00,296.77,88,1008,0
9/1/2017 13:00,296.84,78,1008,0
9/1/2017 14:00,296.61,78,1008,0
9/1/2017 15:00,296.75,73,1008,0
9/1/2017 16:00,299.74,69,1008,0
9/1/2017 17:00,302.62,55,1008,0
9/1/2017 18:00,306.1,41,1008,0
9/1/2017 19:00,308.16,30,1008,2
9/1/2017 20:00,308.36,39,1008,2
9/1/2017 21:00,310.61,41,1008,3
9/1/2017 22:00,311.29,34,1007,1
9/1/2017 23:00,310.5,14,1007,1
9/2/2017 0:00,310.86,15,1007,5
9/2/2017 1:00,310.23,36,1006,3
9/2/2017 2:00,308.05,34,1006,0
9/2/2017 3:00,307.29,28,1009,0
9/2/2017 4:00,304.05,48,1006,0
9/2/2017 5:00,303.17,54,1007,0
9/2/2017 6:00,302.23,54,1007,0
9/2/2017 7:00,301.37,58,1007,0
9/2/2017 8:00,300.58,54,1007,0
9/2/2017 9:00,299.65,58,1007,2
9/2/2017 10:00,299.29,54,1007,0
9/2/2017 11:00,299.29,58,1006,0
9/2/2017 12:00,298.36,54,1006,0
9/2/2017 13:00,297.79,57,1007,0
9/2/2017 14:00,296.98,51,1008,0
9/2/2017 15:00,297.33,48,1008,0
9/2/2017 16:00,299.87,51,1009,3
9/2/2017 17:00,302.04,61,1009,4
9/2/2017 18:00,304.05,48,1009,2
9/2/2017 19:00,304.87,46,1009,2
9/2/2017 20:00,306.5,41,1009,1
9/2/2017 21:00,308.28,32,1009,2
9/2/2017 22:00,308.99,30,1009,1
9/2/2017 23:00,308.89,30,1008,1
9/3/2017 0:00,309,38,1008,4
9/3/2017 1:00,307.92,18,1013,5
9/3/2017 2:00,306.4,34,1008,0
9/3/2017 3:00,304.57,43,1009,1
9/3/2017 4:00,303.55,54,1010,0
9/3/2017 5:00,303.03,54,1011,0
9/3/2017 6:00,302.3,54,1011,0
9/3/2017 7:00,302.59,54,1012,0
9/3/2017 8:00,302.02,54,1012,0
9/3/2017 9:00,302.15,51,1012,0
9/3/2017 10:00,301.76,54,1012,0
9/3/2017 11:00,301.69,54,1011,0
9/3/2017 12:00,300.86,54,1011,0
9/3/2017 13:00,300.73,61,1012,0
9/3/2017 14:00,300.69,54,1012,0
9/3/2017 15:00,301.29,65,1013,0
9/3/2017 16:00,303.15,62,1013,0
9/3/2017 17:00,305.82,46,1013,1
9/3/2017 18:00,307.55,32,1013,0
9/3/2017 19:00,307.59,29,1014,4
9/3/2017 20:00,307.79,34,1014,5
9/3/2017 21:00,306.6,34,1013,6
9/3/2017 22:00,305.69,55,1013,5
9/3/2017 23:00,304.22,61,1016,9
9/4/2017 0:00,303.22,45,1016,4
9/4/2017 1:00,301.43,65,1014,5
9/4/2017 2:00,299.9,61,1013,1
9/4/2017 3:00,297.95,61,1013,2
9/4/2017 4:00,297.15,88,1014,1
9/4/2017 5:00,297.44,94,1015,2
9/4/2017 6:00,297.07,78,1016,4
9/4/2017 7:00,297.15,78,1015,3
9/4/2017 8:00,297.08,83,1015,2
9/4/2017 9:00,296.84,83,1014,2
9/4/2017 10:00,296.79,83,1014,0
9/4/2017 11:00,296.58,78,1014,3
9/4/2017 12:00,296.15,83,1013,1
9/4/2017 13:00,296.22,94,1014,1
9/4/2017 14:00,296.22,83,1013,1
9/4/2017 15:00,296.02,83,1014,1
9/4/2017 16:00,296.33,78,1014,1
9/4/2017 17:00,297.68,69,1014,1
9/4/2017 18:00,298.62,62,1014,2
9/4/2017 19:00,299.85,62,1014,2
9/4/2017 20:00,300.88,61,1014,1
9/4/2017 21:00,300.77,58,1013,2
9/4/2017 22:00,299.51,73,1014,4
9/4/2017 23:00,298.85,58,1014,5
9/5/2017 0:00,298.56,61,1014,3
9/5/2017 1:00,298.78,73,1013,3
9/5/2017 2:00,298.09,65,1013,1
9/5/2017 3:00,296.74,69,1014,3
9/5/2017 4:00,296.15,83,1014,2
9/5/2017 5:00,295.65,83,1014,1
9/5/2017 6:00,295.58,83,1014,1
9/5/2017 7:00,295.35,83,1014,1
9/5/2017 8:00,295.29,78,1014,0
9/5/2017 9:00,295.22,78,1014,0
9/5/2017 10:00,294.84,78,1013,0
9/5/2017 11:00,294.61,78,1014,1
9/5/2017 12:00,294,83,1014,0
9/5/2017 13:00,294.32,88,1014,1
9/5/2017 14:00,293.91,94,1015,2
9/5/2017 15:00,294.07,78,1015,0
9/5/2017 16:00,295.14,73,1015,0
9/5/2017 17:00,296.5,73,1015,2
9/5/2017 18:00,298.69,73,1016,4
9/5/2017 19:00,300.6,69,1016,6
9/5/2017 20:00,301.55,61,1015,2
9/5/2017 21:00,302.34,58,1015,3
9/5/2017 22:00,302.58,61,1014,2
9/5/2017 23:00,302.94,58,1014,1
9/6/2017 0:00,303.28,58,1013,3
9/6/2017 1:00,302.92,61,1013,3
9/6/2017 2:00,301.29,65,1013,2
9/6/2017 3:00,298.72,69,1014,3
9/6/2017 4:00,297.72,69,1013,0
9/6/2017 5:00,297.3,69,1014,0
9/6/2017 6:00,296.61,69,1014,1
9/6/2017 7:00,296.07,69,1014,0
9/6/2017 8:00,295.69,69,1014,0
9/6/2017 9:00,295.77,73,1014,0
9/6/2017 10:00,295.07,78,1014,0
9/6/2017 11:00,294.76,78,1014,0
9/6/2017 12:00,294.53,78,1014,0
9/6/2017 13:00,294.85,73,1014,0
9/6/2017 14:00,294.48,78,1014,0
9/6/2017 15:00,294.37,88,1014,0
9/6/2017 16:00,295.67,83,1015,2
9/6/2017 17:00,296.95,61,1014,1
9/6/2017 18:00,298.28,61,1014,1
9/6/2017 19:00,299.78,58,1014,1
9/6/2017 20:00,301.99,54,1014,1
9/6/2017 21:00,302.29,61,1014,1
9/6/2017 22:00,302.69,23,1013,3
9/6/2017 23:00,302.03,57,1013,3
9/7/2017 0:00,301.93,42,1013,5
9/7/2017 1:00,300.94,57,1012,3
9/7/2017 2:00,300.11,61,1013,0
9/7/2017 3:00,298.38,69,1012,0
9/7/2017 4:00,296.75,73,1013,0
9/7/2017 5:00,295.94,69,1013,0
9/7/2017 6:00,295.44,73,1014,0
9/7/2017 7:00,294.46,73,1014,0
9/7/2017 8:00,293.84,73,1014,0
9/7/2017 9:00,293.77,73,1013,1
9/7/2017 10:00,293.57,73,1013,0
9/7/2017 11:00,293,93,1013,0
9/7/2017 12:00,292.69,100,1013,2
9/7/2017 13:00,292.31,93,1013,0
9/7/2017 14:00,291.91,93,1013,1
9/7/2017 15:00,291.87,77,1013,1
9/7/2017 16:00,293.82,73,1013,0
9/7/2017 17:00,295.5,69,1013,1
9/7/2017 18:00,297.93,57,1013,1
9/7/2017 19:00,300.16,51,1013,1
9/7/2017 20:00,301.69,51,1013,1
9/7/2017 21:00,302.82,48,1012,1
9/7/2017 22:00,303.34,54,1012,2
9/7/2017 23:00,303.39,31,1010,5
9/8/2017 0:00,303.11,29,1011,3
9/8/2017 1:00,302.34,54,1009,3
9/8/2017 2:00,300.76,57,1009,3
9/8/2017 3:00,298.69,60,1009,2
9/8/2017 4:00,296.87,68,1009,1
9/8/2017 5:00,296.09,68,1010,0
9/8/2017 6:00,295.24,68,1011,0
9/8/2017 7:00,294.46,73,1011,1
9/8/2017 8:00,294.15,68,1011,2
9/8/2017 9:00,293.54,93,1011,0
9/8/2017 10:00,293.46,77,1011,0
9/8/2017 11:00,292.92,82,1011,0
9/8/2017 12:00,292.54,93,1011,2
9/8/2017 13:00,292.23,93,1011,0
9/8/2017 14:00,292.15,88,1012,2
9/8/2017 15:00,291.95,93,1012,2
9/8/2017 16:00,293.8,83,1013,0
9/8/2017 17:00,295.15,64,1013,1
9/8/2017 18:00,296.72,78,1013,1
9/8/2017 19:00,298.03,61,1013,1
9/8/2017 20:00,299.69,48,1012,1
9/8/2017 21:00,300.89,54,1012,1
9/8/2017 22:00,301.06,54,1012,1
9/8/2017 23:00,300.7,54,1011,2
9/9/2017 0:00,300.64,57,1010,4
9/9/2017 1:00,299.66,61,1010,2
9/9/2017 2:00,297.97,47,1011,4
9/9/2017 3:00,296.38,69,1011,0
9/9/2017 4:00,294.92,77,1011,0
9/9/2017 5:00,294.15,77,1012,1
9/9/2017 6:00,293.39,82,1013,1
9/9/2017 7:00,292.92,82,1013,0
9/9/2017 8:00,292.77,82,1014,0
9/9/2017 9:00,292.53,82,1013,2
9/9/2017 10:00,292.29,88,1013,0
9/9/2017 11:00,292.14,77,1013,0
9/9/2017 12:00,292.07,93,1014,2
9/9/2017 13:00,292.22,73,1014,0
9/9/2017 14:00,292.3,88,1015,2
9/9/2017 15:00,291.96,72,1015,1
9/9/2017 16:00,292.7,77,1016,2
9/9/2017 17:00,294.38,64,1015,1
9/9/2017 18:00,295.71,64,1015,1
9/9/2017 19:00,297.69,54,1015,1
9/9/2017 20:00,299.43,45,1015,1
9/9/2017 21:00,300.22,51,1015,1
9/9/2017 22:00,301.22,47,1014,1
9/9/2017 23:00,301.63,51,1013,1
9/10/2017 0:00,301.61,47,1013,2
9/10/2017 1:00,301.11,54,1012,2
9/10/2017 2:00,300.11,57,1013,2
9/10/2017 3:00,297.74,37,1013,0
9/10/2017 4:00,296.55,93,1014,8
9/10/2017 5:00,295.23,77,1014,0
9/10/2017 6:00,294.08,82,1014,0
9/10/2017 7:00,293.8,82,1014,1
9/10/2017 8:00,293.39,88,1014,2
9/10/2017 9:00,292.94,88,1014,1
9/10/2017 10:00,292.3,88,1014,1
9/10/2017 11:00,292.37,88,1013,1
9/10/2017 12:00,292.3,88,1013,1
9/10/2017 13:00,291.99,88,1013,1
9/10/2017 14:00,292.06,88,1013,0
9/10/2017 15:00,292.02,88,1013,0
9/10/2017 16:00,294.21,73,1014,0
9/10/2017 17:00,296.55,64,1013,0
9/10/2017 18:00,299.49,51,1013,0
9/10/2017 19:00,302.27,40,1013,0
9/10/2017 20:00,304.04,38,1012,0
9/10/2017 21:00,304.49,43,1012,2
9/10/2017 22:00,305.1,40,1011,2
9/10/2017 23:00,304.76,39,1010,1
9/11/2017 0:00,303.99,39,1010,1
9/11/2017 1:00,303.11,51,1010,2
9/11/2017 2:00,301.1,73,1011,4
9/11/2017 3:00,299.28,54,1011,0
9/11/2017 4:00,298.57,64,1010,0
9/11/2017 5:00,297.38,93,1013,2
9/11/2017 6:00,296.18,93,1012,6
9/11/2017 7:00,295.88,77,1012,0
9/11/2017 8:00,295.54,73,1012,0
9/11/2017 9:00,295.51,78,1012,0
9/11/2017 10:00,295.01,73,1012,0
9/11/2017 11:00,294.82,69,1011,1
9/11/2017 12:00,294.99,69,1011,1
9/11/2017 13:00,294.76,73,1012,1
9/11/2017 14:00,294.76,60,1013,1
9/11/2017 15:00,294.55,73,1012,1
9/11/2017 16:00,295.91,83,1013,1
9/11/2017 17:00,297.09,69,1017,6
9/11/2017 18:00,299.15,51,1013,0
9/11/2017 19:00,301.28,48,1013,0
9/11/2017 20:00,303.53,40,1012,1
9/11/2017 21:00,304.51,32,1011,1
9/11/2017 22:00,305.22,36,1011,6
9/11/2017 23:00,304.75,51,1011,2
9/12/2017 0:00,303.73,51,1011,2
9/12/2017 1:00,302.89,51,1011,3
9/12/2017 2:00,301.36,51,1011,2
9/12/2017 3:00,299.6,47,1014,4
9/12/2017 4:00,298.1,69,1012,0
9/12/2017 5:00,297.29,73,1013,1
9/12/2017 6:00,296.81,88,1014,1
9/12/2017 7:00,295.93,88,1014,1
9/12/2017 8:00,295.54,78,1014,0
9/12/2017 9:00,295.08,88,1014,3
9/12/2017 10:00,294.95,94,1013,3
9/12/2017 11:00,294.32,83,1013,0
9/12/2017 12:00,293.94,88,1013,2
9/12/2017 13:00,293.7,83,1013,0
9/12/2017 14:00,293.73,100,1014,2
9/12/2017 15:00,293.21,83,1014,3
9/12/2017 16:00,294.45,83,1014,1
9/12/2017 17:00,295.85,93,1014,4
9/12/2017 18:00,297.4,83,1014,3
9/12/2017 19:00,299.16,69,1014,1
9/12/2017 20:00,300.23,73,1014,4
9/12/2017 21:00,301,78,1014,7
9/12/2017 22:00,301.39,61,1013,1
9/12/2017 23:00,301.45,61,1012,3
9/13/2017 0:00,301.17,61,1012,2
9/13/2017 1:00,300.39,48,1011,3
9/13/2017 2:00,298.94,64,1011,0
9/13/2017 3:00,297.28,69,1011,3
9/13/2017 4:00,295.88,88,1012,2
9/13/2017 5:00,294.73,93,1012,3
9/13/2017 6:00,294.45,93,1012,2
9/13/2017 7:00,293.93,82,1012,0
9/13/2017 8:00,293.31,82,1012,0
9/13/2017 9:00,292.92,82,1013,0
9/13/2017 10:00,292.38,82,1012,2
9/13/2017 11:00,292.07,82,1012,1
9/13/2017 12:00,291.84,88,1012,2
9/13/2017 13:00,291.73,82,1013,4
9/13/2017 14:00,291.65,88,1013,1
9/13/2017 15:00,291.58,77,1013,0
9/13/2017 16:00,292.38,82,1014,0
9/13/2017 17:00,293.09,73,1014,1
9/13/2017 18:00,294.57,64,1013,1
9/13/2017 19:00,295.99,64,1013,2
9/13/2017 20:00,297.1,68,1013,3
9/13/2017 21:00,298.27,54,1012,1
9/13/2017 22:00,298.98,57,1012,2
9/13/2017 23:00,298.77,53,1011,2
9/14/2017 0:00,298.22,53,1011,3
9/14/2017 1:00,297.1,56,1011,2
9/14/2017 2:00,295.74,68,1010,2
9/14/2017 3:00,294.15,46,1012,4
9/14/2017 4:00,293.34,73,1011,1
9/14/2017 5:00,292.36,77,1012,3
9/14/2017 6:00,292.44,77,1012,0
9/14/2017 7:00,291.93,77,1013,2
9/14/2017 8:00,291.48,82,1013,0
9/14/2017 9:00,291.36,82,1013,1
9/14/2017 10:00,291.22,82,1013,0
9/14/2017 11:00,290.86,82,1013,1
9/14/2017 12:00,290.43,82,1012,1
9/14/2017 13:00,290.45,72,1013,2
9/14/2017 14:00,290.22,72,1013,1
9/14/2017 15:00,290.08,82,1014,2
9/14/2017 16:00,291.31,72,1013,1
9/14/2017 17:00,293.14,60,1013,1
9/14/2017 18:00,294.84,64,1014,1
9/14/2017 19:00,295.31,47,1014,1
9/14/2017 20:00,295.82,53,1013,2
9/14/2017 21:00,296.51,53,1013,3
9/14/2017 22:00,296.84,50,1013,6
9/14/2017 23:00,296.27,56,1012,3
9/15/2017 0:00,296.15,56,1012,4
9/15/2017 1:00,295.71,56,1012,2
9/15/2017 2:00,295.4,56,1012,2
9/15/2017 3:00,294.28,60,1012,2
9/15/2017 4:00,293.44,64,1012,1
9/15/2017 5:00,292.93,64,1013,1
9/15/2017 6:00,292.84,73,1013,1
9/15/2017 7:00,292.68,73,1013,1
9/15/2017 8:00,292.3,73,1013,0
9/15/2017 9:00,291.65,82,1013,0
9/15/2017 10:00,291.84,82,1013,0
9/15/2017 11:00,291.46,82,1012,1
9/15/2017 12:00,291.31,77,1013,1
9/15/2017 13:00,291.3,82,1012,1
9/15/2017 14:00,291.38,82,1012,1
9/15/2017 15:00,291.42,77,1013,1
9/15/2017 16:00,292.08,68,1014,2
9/15/2017 17:00,293.26,68,1014,2
9/15/2017 18:00,294.26,68,1014,2
9/15/2017 19:00,294.98,57,1013,1
9/15/2017 20:00,295.92,60,1013,1
9/15/2017 21:00,296.53,57,1013,1
9/15/2017 22:00,296.77,53,1012,1
9/15/2017 23:00,296.97,53,1012,1
9/16/2017 0:00,296.78,57,1011,1
9/16/2017 1:00,296.15,56,1011,1
9/16/2017 2:00,295.34,56,1011,2
9/16/2017 3:00,294.39,60,1011,2
9/16/2017 4:00,293.59,73,1012,0
9/16/2017 5:00,292.79,73,1012,0
9/16/2017 6:00,292.36,73,1012,0
9/16/2017 7:00,292.07,77,1012,0
9/16/2017 8:00,291.91,77,1012,1
9/16/2017 9:00,291.3,82,1012,1
9/16/2017 10:00,291.07,72,1012,1
9/16/2017 11:00,291.22,82,1012,1
9/16/2017 12:00,291.07,88,1013,1
9/16/2017 13:00,291.07,82,1013,1
9/16/2017 14:00,291.52,88,1013,2
9/16/2017 15:00,291.15,77,1013,1
9/16/2017 16:00,291.87,73,1013,1
9/16/2017 17:00,293.32,73,1014,1
9/16/2017 18:00,294.44,64,1014,1
9/16/2017 19:00,295.35,64,1014,1
9/16/2017 20:00,296.53,69,1013,3
9/16/2017 21:00,297.55,60,1013,4
9/16/2017 22:00,298.45,54,1012,1
9/16/2017 23:00,298.45,57,1012,3
9/17/2017 0:00,297.86,60,1011,2
9/17/2017 1:00,297.1,60,1011,1
9/17/2017 2:00,295.59,64,1011,1
9/17/2017 3:00,294.28,64,1011,1
9/17/2017 4:00,293.53,68,1012,1
9/17/2017 5:00,292.86,68,1012,0
9/17/2017 6:00,292.46,72,1013,0
9/17/2017 7:00,292.22,72,1013,0
9/17/2017 8:00,291.93,72,1013,0
9/17/2017 9:00,291.61,88,1014,2
9/17/2017 10:00,291.61,82,1013,1
9/17/2017 11:00,291.53,77,1013,0
9/17/2017 12:00,291.76,82,1013,0
9/17/2017 13:00,291.92,77,1013,0
9/17/2017 14:00,292.07,82,1014,0
9/17/2017 15:00,291.81,77,1014,0
9/17/2017 16:00,292.15,77,1015,0
9/17/2017 17:00,292.68,73,1015,1
9/17/2017 18:00,293.81,68,1015,1
9/17/2017 19:00,294.58,64,1015,1
9/17/2017 20:00,295.32,68,1015,3
9/17/2017 21:00,295.68,60,1014,1
9/17/2017 22:00,296.4,64,1014,1
9/17/2017 23:00,296.72,64,1013,3
9/18/2017 0:00,296.92,53,1014,1
9/18/2017 1:00,296.57,64,1012,4
9/18/2017 2:00,295.62,64,1013,2
9/18/2017 3:00,294.47,68,1013,1
9/18/2017 4:00,292.92,64,1013,2
9/18/2017 5:00,292.55,72,1014,0
9/18/2017 6:00,291.92,82,1014,1
9/18/2017 7:00,291.61,82,1014,0
9/18/2017 8:00,291.3,82,1014,0
9/18/2017 9:00,290.99,82,1014,0
9/18/2017 10:00,290.61,82,1014,0
9/18/2017 11:00,290.38,88,1013,0
9/18/2017 12:00,289.99,88,1013,0
9/18/2017 13:00,289.83,93,1013,0
9/18/2017 14:00,289.67,88,1013,0
9/18/2017 15:00,289.74,88,1014,0
9/18/2017 16:00,290.81,77,1014,0
9/18/2017 17:00,292.09,68,1015,1
9/18/2017 18:00,293.28,77,1015,3
9/18/2017 19:00,294.65,64,1016,1
9/18/2017 20:00,295.82,60,1014,2
9/18/2017 21:00,297.22,64,1014,4
9/18/2017 22:00,297.87,64,1014,4
9/18/2017 23:00,298.1,64,1013,2
9/19/2017 0:00,298.22,60,1013,3
9/19/2017 1:00,297.63,60,1012,2
9/19/2017 2:00,296.11,77,1012,3
9/19/2017 3:00,294.51,73,1012,2
9/19/2017 4:00,293.22,88,1013,4
9/19/2017 5:00,292.39,88,1014,4
9/19/2017 6:00,292.62,77,1013,3
9/19/2017 7:00,292.46,77,1014,1
9/19/2017 8:00,292.22,77,1013,0
9/19/2017 9:00,292.23,82,1014,0
9/19/2017 10:00,292.23,82,1014,2
9/19/2017 11:00,292.15,82,1013,1
9/19/2017 12:00,292.15,77,1013,1
9/19/2017 13:00,292.21,77,1013,2
9/19/2017 14:00,292.5,72,1014,3
9/19/2017 15:00,292.67,77,1014,1
9/19/2017 16:00,293.03,64,1014,1
9/19/2017 17:00,293.9,68,1014,1
9/19/2017 18:00,294.28,73,1014,3
9/19/2017 19:00,294.9,64,1014,2
9/19/2017 20:00,295.69,64,1014,1
9/19/2017 21:00,295.96,64,1013,3
9/19/2017 22:00,296.92,64,1013,3
9/19/2017 23:00,297.04,60,1012,1
9/20/2017 0:00,297.32,60,1011,1
9/20/2017 1:00,296.74,60,1011,2
9/20/2017 2:00,295.62,64,1011,3
9/20/2017 3:00,294.72,68,1011,1
9/20/2017 4:00,293.62,64,1011,0
9/20/2017 5:00,292.88,68,1012,1
9/20/2017 6:00,292.51,68,1012,1
9/20/2017 7:00,292.23,77,1012,0
9/20/2017 8:00,291.84,82,1012,1
9/20/2017 9:00,291.22,88,1013,1
9/20/2017 10:00,291.15,88,1012,1
9/20/2017 11:00,290.91,93,1011,1
9/20/2017 12:00,290.48,88,1011,1
9/20/2017 13:00,290.9,82,1011,1
9/20/2017 14:00,290.84,82,1011,1
9/20/2017 15:00,290.83,77,1013,1
9/20/2017 16:00,291.98,72,1013,1
9/20/2017 17:00,293.7,64,1013,3
9/20/2017 18:00,295.48,56,1013,4
9/20/2017 19:00,296.09,53,1013,2
9/20/2017 20:00,296.95,47,1013,2
9/20/2017 21:00,297.4,69,1012,4
9/20/2017 22:00,297.09,60,1011,2
9/20/2017 23:00,297.21,60,1011,1
9/21/2017 0:00,297.15,60,1011,3
9/21/2017 1:00,296.34,60,1011,2
9/21/2017 2:00,295.6,64,1011,2
9/21/2017 3:00,294.33,72,1012,4
9/21/2017 4:00,293.65,73,1010,2
9/21/2017 5:00,292.81,82,1011,1
9/21/2017 6:00,293.14,77,1011,2
9/21/2017 7:00,292.64,82,1012,2
9/21/2017 8:00,292.73,77,1011,2
9/21/2017 9:00,292.36,77,1011,3
9/21/2017 10:00,292.53,88,1011,1
9/21/2017 11:00,292.3,88,1011,0
9/21/2017 12:00,292.22,88,1010,0
9/21/2017 13:00,291.99,88,1010,1
9/21/2017 14:00,291.64,82,1011,2
9/21/2017 15:00,291.9907481,77,1011,2
9/21/2017 16:00,292.3808293,71,1011,3
9/21/2017 17:00,292.7709106,66,1011,3
9/21/2017 18:00,293.2,60,1011,4
9/21/2017 19:00,293.76,60,1011,3
9/21/2017 20:00,294.34,60,1011,1
9/21/2017 21:00,294.5,64,1010,7
9/21/2017 22:00,294.96,60,1010,5
9/21/2017 23:00,294.98,45,1009,11
9/22/2017 0:00,294.32,49,1009,1
9/22/2017 1:00,294.22,56,1009,1
9/22/2017 2:00,293.35,56,1009,2
9/22/2017 3:00,291.9,68,1009,0
9/22/2017 4:00,291.15,68,1009,1
9/22/2017 5:00,290.6,68,1010,2
9/22/2017 6:00,290.56,63,1010,1
9/22/2017 7:00,289.67,68,1010,2
9/22/2017 8:00,289.13,68,1010,1
9/22/2017 9:00,288.9,68,1010,1
9/22/2017 10:00,288.29,72,1010,1
9/22/2017 11:00,288.13,67,1010,2
9/22/2017 12:00,287.59,72,1011,1
9/22/2017 13:00,287.28,67,1011,1
9/22/2017 14:00,286.84,67,1011,1
9/22/2017 15:00,286.73,67,1011,1
9/22/2017 16:00,288.33,63,1012,1
9/22/2017 17:00,290.81,63,1012,1
9/22/2017 18:00,292.33,56,1012,0
9/22/2017 19:00,293.37,46,1012,1
9/22/2017 20:00,294.59,43,1011,1
9/22/2017 21:00,295.21,38,1011,1
9/22/2017 22:00,295.52,53,1011,6
9/22/2017 23:00,295.55,53,1010,3
9/23/2017 0:00,295.59,46,1009,3
9/23/2017 1:00,294.96,53,1009,4
9/23/2017 2:00,293.33,52,1009,0
9/23/2017 3:00,292.21,45,1009,1
9/23/2017 4:00,291.32,59,1009,2
9/23/2017 5:00,290.58,68,1009,0
9/23/2017 6:00,290.38,68,1009,0
9/23/2017 7:00,290.07,72,1009,0
9/23/2017 8:00,289.37,72,1009,1
9/23/2017 9:00,288.37,77,1009,1
9/23/2017 10:00,287.99,77,1009,1
9/23/2017 11:00,287.83,72,1009,1
9/23/2017 12:00,287.06,72,1009,1
9/23/2017 13:00,286.76,72,1009,1
9/23/2017 14:00,286.98,72,1010,1
9/23/2017 15:00,286.64,72,1010,1
9/23/2017 16:00,287.87,67,1011,1
9/23/2017 17:00,290.5,63,1011,0
9/23/2017 18:00,292.15,52,1011,0
9/23/2017 19:00,293.62,43,1011,0
9/23/2017 20:00,294.92,60,1011,3
9/23/2017 21:00,295.41,47,1011,1
9/23/2017 22:00,296.15,49,1011,2
9/23/2017 23:00,295.84,53,1010,2
9/24/2017 0:00,295.97,49,1010,1
9/24/2017 1:00,295.71,40,1010,2
9/24/2017 2:00,294.82,49,1010,3
9/24/2017 3:00,292.68,56,1010,2
9/24/2017 4:00,291.93,68,1010,0
9/24/2017 5:00,291.41,72,1011,1
9/24/2017 6:00,290.98,77,1010,1
9/24/2017 7:00,290.73,72,1011,1
9/24/2017 8:00,289.68,72,1011,0
9/24/2017 9:00,289.31,77,1011,0
9/24/2017 10:00,288.52,77,1011,0
9/24/2017 11:00,288.06,72,1011,0
9/24/2017 12:00,287.52,77,1011,0
9/24/2017 13:00,287.14,72,1010,0
9/24/2017 14:00,287.14,72,1011,1
9/24/2017 15:00,286.27,72,1011,1
9/24/2017 16:00,289.08,59,1012,1
9/24/2017 17:00,292.32,52,1012,1
9/24/2017 18:00,295.52,44,1012,1
9/24/2017 19:00,298.47,34,1012,1
9/24/2017 20:00,300.15,24,1012,0
9/24/2017 21:00,300.45,27,1012,2
9/24/2017 22:00,300.39,26,1011,2
9/24/2017 23:00,300.57,30,1010,2
9/25/2017 0:00,300.27,28,1010,2
9/25/2017 1:00,299.78,31,1010,4
9/25/2017 2:00,298.15,17,1010,3
9/25/2017 3:00,296.21,27,1011,0
9/25/2017 4:00,295.33,41,1012,1
9/25/2017 5:00,294.22,37,1011,0
9/25/2017 6:00,293.53,33,1011,0
9/25/2017 7:00,292.6,35,1011,0
9/25/2017 8:00,291.37,34,1011,1
9/25/2017 9:00,291.14,30,1011,1
9/25/2017 10:00,289.85,32,1011,1
9/25/2017 11:00,289.83,37,1010,1
9/25/2017 12:00,289.91,39,1010,1
9/25/2017 13:00,289.6,42,1010,1
9/25/2017 14:00,288.99,51,1010,1
9/25/2017 15:00,287.33,48,1011,1
9/25/2017 16:00,291.21,37,1011,1
9/25/2017 17:00,295.56,27,1011,1
9/25/2017 18:00,298.46,22,1011,1
9/25/2017 19:00,300.65,17,1011,1
9/25/2017 20:00,302.38,12,1010,1
9/25/2017 21:00,302.84,13,1010,4
9/25/2017 22:00,303.15,7,1008,5
9/25/2017 23:00,302.88,11,1010,5
9/26/2017 0:00,302.48,11,1009,5
9/26/2017 1:00,301.15,17,1008,5
9/26/2017 2:00,299.9,29,1008,0
9/26/2017 3:00,298.15,21,1008,1
9/26/2017 4:00,296.85,22,1008,0
9/26/2017 5:00,295.36,28,1009,1
9/26/2017 6:00,294.68,37,1009,1
9/26/2017 7:00,293.22,40,1009,1
9/26/2017 8:00,291.91,40,1009,1
9/26/2017 9:00,290.9,30,1008,1
9/26/2017 10:00,291.14,39,1008,1
9/26/2017 11:00,289.83,48,1008,1
9/26/2017 12:00,288.85,42,1008,1
9/26/2017 13:00,288.9,39,1008,1
9/26/2017 14:00,288.6,45,1008,1
9/26/2017 15:00,288.56,42,1009,1
9/26/2017 16:00,290.89,30,1009,1
9/26/2017 17:00,294.4,26,1009,2
9/26/2017 18:00,296.59,36,1010,2
9/26/2017 19:00,299.39,32,1009,0
9/26/2017 20:00,300.44,25,1009,1
9/26/2017 21:00,301.49,23,1008,0
9/26/2017 22:00,301.6,37,1008,1
9/26/2017 23:00,301.35,41,1008,5
9/27/2017 0:00,300.88,16,1009,3
9/27/2017 1:00,299.94,34,1008,2
9/27/2017 2:00,298.69,21,1010,3
9/27/2017 3:00,296.49,64,1008,0
9/27/2017 4:00,295.5,49,1009,0
9/27/2017 5:00,294.08,73,1009,0
9/27/2017 6:00,293.3,73,1009,0
9/27/2017 7:00,292.43,73,1009,0
9/27/2017 8:00,292.07,93,1010,0
9/27/2017 9:00,291.22,93,1010,1
9/27/2017 10:00,290.68,100,1010,1
9/27/2017 11:00,289.82,100,1010,1
9/27/2017 12:00,289.59,93,1011,2
9/27/2017 13:00,289.21,100,1011,1
9/27/2017 14:00,288.89,88,1011,0
9/27/2017 15:00,288.39,93,1012,0
9/27/2017 16:00,289.97,100,1013,1
9/27/2017 17:00,292.65,88,1013,0
9/27/2017 18:00,295.65,64,1012,0
9/27/2017 19:00,298.15,47,1012,0
9/27/2017 20:00,299.84,25,1012,4
9/27/2017 21:00,301.49,37,1011,2
9/27/2017 22:00,302.04,39,1011,2
9/27/2017 23:00,302.22,32,1010,2
9/28/2017 0:00,301.97,39,1010,3
9/28/2017 1:00,300.71,83,1011,7
9/28/2017 2:00,300.03,24,1011,4
9/28/2017 3:00,298.2467873,43,1011,3
9/28/2017 4:00,296.2623775,64,1011,2
9/28/2017 5:00,294.09,88,1012,0
9/28/2017 6:00,292.92,93,1012,0
9/28/2017 7:00,292.58,88,1013,0
9/28/2017 8:00,292.07,88,1013,0
9/28/2017 9:00,291.45,82,1013,0
9/28/2017 10:00,290.77,93,1012,0
9/28/2017 11:00,290.15,93,1012,0
9/28/2017 12:00,289.6,93,1012,0
9/28/2017 13:00,289.29,93,1013,0
9/28/2017 14:00,289.07,87,1013,0
9/28/2017 15:00,288.87,82,1013,0
9/28/2017 16:00,290.79,100,1014,0
9/28/2017 17:00,294.52,23,1015,2
9/28/2017 18:00,296.97,50,1013,0
9/28/2017 19:00,299.47,37,1013,0
9/28/2017 20:00,301.41,33,1013,0
9/28/2017 21:00,302.67,42,1012,1
9/28/2017 22:00,303.64,37,1011,0
9/28/2017 23:00,304.12,47,1011,5
9/29/2017 0:00,303.99,35,1010,1
9/29/2017 1:00,302.56,22,1021,4
9/29/2017 2:00,300.99,41,1010,2
9/29/2017 3:00,298.29,56,1010,2
9/29/2017 4:00,297.43,64,1011,0
9/29/2017 5:00,295.66,64,1011,0
9/29/2017 6:00,294.38,64,1011,0
9/29/2017 7:00,293.68,64,1011,0
9/29/2017 8:00,293.53,68,1012,2
9/29/2017 9:00,292.91,60,1012,0
9/29/2017 10:00,292.3,64,1012,2
9/29/2017 11:00,291.6,77,1012,1
9/29/2017 12:00,290.68,93,1012,0
9/29/2017 13:00,290.31,93,1012,0
9/29/2017 14:00,289.6,82,1012,0
9/29/2017 15:00,289.64,93,1013,0
9/29/2017 16:00,291.46,100,1013,0
9/29/2017 17:00,294.53,93,1013,0
9/29/2017 18:00,297.28,50,1013,0
9/29/2017 19:00,300.27,39,1013,0
9/29/2017 20:00,302.1,23,1013,1
9/29/2017 21:00,303.16,40,1012,2
9/29/2017 22:00,303.42,37,1011,1
9/29/2017 23:00,302.7,33,1011,1
9/30/2017 0:00,302.11,44,1010,1
9/30/2017 1:00,301.74,23,1011,5
9/30/2017 2:00,299.94,83,1011,3
9/30/2017 3:00,297.85,60,1011,0
9/30/2017 4:00,296.69,60,1011,0
9/30/2017 5:00,295.23,60,1011,0
9/30/2017 6:00,294.29,64,1012,0
9/30/2017 7:00,293.29,64,1012,0
9/30/2017 8:00,292.92,68,1012,1
9/30/2017 9:00,292.22,72,1012,1
9/30/2017 10:00,291.69,100,1011,1
9/30/2017 11:00,291.54,93,1011,1
9/30/2017 12:00,291.08,93,1011,2
9/30/2017 13:00,290.46,100,1011,2
9/30/2017 14:00,290.14,93,1011,1
9/30/2017 15:00,290,88,1012,1
9/30/2017 16:00,291.32,88,1012,1
9/30/2017 17:00,292.66,88,1013,2
9/30/2017 18:00,294.69,77,1014,2
9/30/2017 19:00,296.51,78,1013,2
9/30/2017 20:00,298.1,57,1012,1
9/30/2017 21:00,299.04,47,1012,1
9/30/2017 22:00,299.44,51,1011,1
9/30/2017 23:00,299.22,69,1010,5
10/1/2017 0:00,298.51,77,1010,5
10/1/2017 1:00,297.44,69,1010,3
10/1/2017 2:00,295.63,73,1010,1
10/1/2017 3:00,293.71,68,1012,2
10/1/2017 4:00,293.21,77,1011,2
10/1/2017 5:00,292.15,82,1011,0
10/1/2017 6:00,292.15,88,1011,2
10/1/2017 7:00,292.31,93,1011,2
10/1/2017 8:00,292.15,77,1011,3
10/1/2017 9:00,291.91,82,1011,2
10/1/2017 10:00,291.61,82,1010,0
10/1/2017 11:00,291.4,77,1010,2
10/1/2017 12:00,291.22,82,1010,2
10/1/2017 13:00,291.3,82,1009,2
10/1/2017 14:00,291.38,77,1010,1
10/1/2017 15:00,291.35,68,1010,1
10/1/2017 16:00,291.82,68,1011,2
10/1/2017 17:00,292.5,72,1011,1
10/1/2017 18:00,293.33,64,1011,1
10/1/2017 19:00,294.56,56,1011,2
10/1/2017 20:00,295.62,68,1011,3
10/1/2017 21:00,296.92,47,1009,1
10/1/2017 22:00,297.34,57,1008,5
10/1/2017 23:00,297.53,47,1008,5
10/2/2017 0:00,297.34,50,1008,4
10/2/2017 1:00,296.22,64,1007,2
10/2/2017 2:00,294.75,64,1007,1
10/2/2017 3:00,293.42,68,1007,1
10/2/2017 4:00,292.15,72,1007,0
10/2/2017 5:00,291.79,82,1008,1
10/2/2017 6:00,291.65,82,1008,0
10/2/2017 7:00,291.45,77,1008,2
10/2/2017 8:00,291.51,82,1008,1
10/2/2017 9:00,291.44,72,1007,1
10/2/2017 10:00,291.28,72,1007,0
10/2/2017 11:00,290.86,72,1007,0
10/2/2017 12:00,290.64,82,1007,2
10/2/2017 13:00,290.23,87,1008,0
10/2/2017 14:00,290.3,77,1009,0
10/2/2017 15:00,289.82,82,1009,0
10/2/2017 16:00,290.71,72,1009,0
10/2/2017 17:00,292.5,64,1009,0
10/2/2017 18:00,294.01,60,1009,2
10/2/2017 19:00,295.02,50,1009,2
10/2/2017 20:00,296.03,56,1009,3
10/2/2017 21:00,296.68,39,1008,1
10/2/2017 22:00,296.84,50,1008,1
10/2/2017 23:00,297.27,53,1007,1
10/3/2017 0:00,296.93,53,1007,1
10/3/2017 1:00,295.84,56,1007,1
10/3/2017 2:00,295.22,60,1007,3
10/3/2017 3:00,293.56,52,1009,3
10/3/2017 4:00,292.54,64,1008,0
10/3/2017 5:00,292.22,72,1008,0
10/3/2017 6:00,291.79,82,1009,1
10/3/2017 7:00,291.53,82,1009,0
10/3/2017 8:00,290.99,88,1009,0
10/3/2017 9:00,290.45,88,1008,0
10/3/2017 10:00,290.3,88,1009,0
10/3/2017 11:00,289.75,77,1009,0
10/3/2017 12:00,289.6,88,1009,2
10/3/2017 13:00,289.48,77,1009,0
10/3/2017 14:00,290.65,82,1010,2
10/3/2017 15:00,290.61,77,1011,1
10/3/2017 16:00,291.32,82,1011,2
10/3/2017 17:00,292.52,73,1012,3
10/3/2017 18:00,293.53,56,1012,1
10/3/2017 19:00,294.74,56,1011,5
10/3/2017 20:00,295.28,73,1012,5
10/3/2017 21:00,295.5,53,1011,1
10/3/2017 22:00,295.5,60,1011,1
10/3/2017 23:00,295.15,64,1011,2
10/4/2017 0:00,294.92,56,1012,5
10/4/2017 1:00,294.43,60,1011,2
10/4/2017 2:00,293.15,64,1011,2
10/4/2017 3:00,291.8,68,1012,1
10/4/2017 4:00,291.5,77,1012,0
10/4/2017 5:00,290.93,77,1013,2
10/4/2017 6:00,290.91,72,1013,0
10/4/2017 7:00,290.38,82,1014,0
10/4/2017 8:00,289.99,87,1014,1
10/4/2017 9:00,289.54,82,1014,1
10/4/2017 10:00,289.56,77,1014,1
10/4/2017 11:00,288.92,93,1015,1
10/4/2017 12:00,288.08,93,1015,1
10/4/2017 13:00,287.92,87,1015,1
10/4/2017 14:00,287.24,93,1015,1
10/4/2017 15:00,286.68,93,1016,1
10/4/2017 16:00,288.32,54,1016,1
10/4/2017 17:00,291.15,48,1015,1
10/4/2017 18:00,292.85,43,1016,1
10/4/2017 19:00,294.68,40,1016,1
10/4/2017 20:00,296.09,38,1016,0
10/4/2017 21:00,297.34,47,1015,4
10/4/2017 22:00,298.09,47,1014,4
10/4/2017 23:00,299.04,41,1014,2
10/5/2017 0:00,299.21,41,1013,2
10/5/2017 1:00,298.6,38,1012,2
10/5/2017 2:00,297.21,46,1012,2
10/5/2017 3:00,294.74,56,1013,1
10/5/2017 4:00,293.78,49,1014,1
10/5/2017 5:00,292.65,60,1013,0
10/5/2017 6:00,291.68,60,1013,0
10/5/2017 7:00,290.6,63,1013,0
10/5/2017 8:00,289.35,68,1013,1
10/5/2017 9:00,289.31,72,1013,1
10/5/2017 10:00,289.06,68,1013,1
10/5/2017 11:00,287.99,72,1013,1
10/5/2017 12:00,287.37,77,1013,1
10/5/2017 13:00,286.75,77,1013,1
10/5/2017 14:00,287.15,77,1013,1
10/5/2017 15:00,286.64,77,1013,1
10/5/2017 16:00,288.2,59,1013,1
10/5/2017 17:00,291.15,39,1015,2
10/5/2017 18:00,294.44,37,1015,2
10/5/2017 19:00,297.09,34,1013,0
10/5/2017 20:00,299.49,31,1013,1
10/5/2017 21:00,300.15,23,1012,1
10/5/2017 22:00,300.92,39,1011,1
10/5/2017 23:00,301.04,34,1010,2
10/6/2017 0:00,301.16,34,1010,1
10/6/2017 1:00,300.51,34,1010,2
10/6/2017 2:00,298.69,38,1010,2
10/6/2017 3:00,296.62,27,1013,0
10/6/2017 4:00,294.87,68,1011,0
10/6/2017 5:00,293.68,73,1012,1
10/6/2017 6:00,292.57,77,1012,1
10/6/2017 7:00,291.76,77,1012,1
10/6/2017 8:00,290.6,77,1012,1
10/6/2017 9:00,290.24,82,1012,1
10/6/2017 10:00,289.06,82,1012,1
10/6/2017 11:00,289.15,82,1012,0
10/6/2017 12:00,287.83,82,1012,0
10/6/2017 13:00,286.92,72,1012,0
10/6/2017 14:00,287.14,67,1012,0
10/6/2017 15:00,287,72,1013,0
10/6/2017 16:00,289.4,51,1015,0
10/6/2017 17:00,292.75,49,1014,1
10/6/2017 18:00,296.51,38,1014,1
10/6/2017 19:00,300.21,20,1014,1
10/6/2017 20:00,302.88,8,1020,7
10/6/2017 21:00,304.69,16,1013,0
10/6/2017 22:00,305.4,35,1012,3
10/6/2017 23:00,305.28,18,1011,2
10/7/2017 0:00,305.04,22,1011,0
10/7/2017 1:00,304.88,20,1011,1
10/7/2017 2:00,303.43,21,1011,2
10/7/2017 3:00,300.21,22,1011,0
10/7/2017 4:00,297.96,29,1010,0
10/7/2017 5:00,296.15,49,1011,1
10/7/2017 6:00,294.57,53,1011,1
10/7/2017 7:00,293.68,49,1011,1
10/7/2017 8:00,292.75,49,1011,0
10/7/2017 9:00,292.47,37,1011,1
10/7/2017 10:00,292.05,26,1010,0
10/7/2017 11:00,290.59,26,1010,0
10/7/2017 12:00,290.06,26,1010,0
10/7/2017 13:00,289.81,32,1009,0
10/7/2017 14:00,288.9,36,1010,1
10/7/2017 15:00,288.5,39,1010,1
10/7/2017 16:00,290.89,39,1010,1
10/7/2017 17:00,295.27,35,1010,1
10/7/2017 18:00,299.27,21,1011,1
10/7/2017 19:00,302.15,11,1013,1
10/7/2017 20:00,304.38,7,1009,1
10/7/2017 21:00,305.32,8,1008,1
10/7/2017 22:00,305.66,16,1008,1
10/7/2017 23:00,305.99,16,1007,2
10/8/2017 0:00,304.77,22,1007,1
10/8/2017 1:00,303.4,23,1007,1
10/8/2017 2:00,301.69,28,1007,1
10/8/2017 3:00,298.69,29,1007,1
10/8/2017 4:00,297.1,49,1007,0
10/8/2017 5:00,295.22,60,1007,0
10/8/2017 6:00,293.86,64,1007,0
10/8/2017 7:00,293.15,64,1007,0
10/8/2017 8:00,292.31,93,1007,2
10/8/2017 9:00,291.92,72,1007,0
10/8/2017 10:00,291.61,93,1007,0
10/8/2017 11:00,290.77,100,1007,1
10/8/2017 12:00,290.3,93,1007,0
10/8/2017 13:00,290.07,93,1007,1
10/8/2017 14:00,289.72,100,1007,1
10/8/2017 15:00,289.45,93,1008,0
10/8/2017 16:00,290.43,77,1008,3
10/8/2017 17:00,292.39,73,1008,3
10/8/2017 18:00,293.9,73,1008,3
10/8/2017 19:00,295.97,53,1008,1
10/8/2017 20:00,296.75,47,1008,1
10/8/2017 21:00,298.16,47,1007,1
10/8/2017 22:00,298.45,38,1008,3
10/8/2017 23:00,298.35,47,1006,3
10/9/2017 0:00,297.87,57,1006,2
10/9/2017 1:00,296.09,60,1006,3
10/9/2017 2:00,294.49,64,1006,0
10/9/2017 3:00,292.9,64,1006,0
10/9/2017 4:00,291.97,82,1007,3
10/9/2017 5:00,291.88,82,1008,4
10/9/2017 6:00,291.86,77,1008,3
10/9/2017 7:00,291.76,88,1009,2
10/9/2017 8:00,291.69,77,1009,3
10/9/2017 9:00,291.68,82,1009,1
10/9/2017 10:00,291.61,72,1009,1
10/9/2017 11:00,291.07,82,1010,1
10/9/2017 12:00,291.24,82,1012,2
10/9/2017 13:00,290.51,68,1011,1
10/9/2017 14:00,290.76,77,1011,1
10/9/2017 15:00,289.79,72,1012,1
10/9/2017 16:00,291.15,68,1014,1
10/9/2017 17:00,292.58,60,1013,2
10/9/2017 18:00,294.62,53,1013,2
10/9/2017 19:00,297.47,47,1013,1
10/9/2017 20:00,299.44,32,1013,2
10/9/2017 21:00,300.68,23,1012,2
10/9/2017 23:00,300.59,28,1011,2
10/10/2017 0:00,300.68,32,1011,2
10/10/2017 1:00,299.86,60,1012,3
10/10/2017 2:00,298.28,50,1011,1
10/10/2017 3:00,297.34,53,1012,1
10/10/2017 4:00,295.44,56,1012,1
10/10/2017 5:00,294.62,82,1013,2
10/10/2017 6:00,294.16,64,1013,1
10/10/2017 7:00,293.49,64,1014,1
10/10/2017 8:00,291.73,72,1014,1
10/10/2017 9:00,291.23,88,1014,1
10/10/2017 10:00,290.22,93,1014,2
10/10/2017 11:00,289.3,88,1014,1
10/10/2017 12:00,289.06,87,1013,1
10/10/2017 13:00,288.91,36,1013,1
10/10/2017 14:00,288.69,100,1014,1
10/10/2017 15:00,287.8,93,1014,1
10/10/2017 16:00,289.21,93,1015,1
10/10/2017 17:00,292.44,93,1015,1
10/10/2017 18:00,295.41,12,1014,1
10/10/2017 19:00,298.37,9,1014,1
10/10/2017 20:00,300.09,7,1014,0
10/10/2017 21:00,300.59,53,1014,3
10/10/2017 22:00,301.43,28,1012,0
10/10/2017 23:00,301.38,32,1012,2
10/11/2017 0:00,300.71,31,1012,1
10/11/2017 1:00,299.92,31,1011,2
10/11/2017 2:00,297.86,47,1011,1
10/11/2017 3:00,295.53,56,1012,1
10/11/2017 4:00,293.8,64,1012,0
10/11/2017 5:00,292.85,64,1012,0
10/11/2017 6:00,291.84,82,1012,0
10/11/2017 7:00,290.5,82,1012,0
10/11/2017 8:00,290.21,93,1012,1
10/11/2017 9:00,290.23,93,1012,2
10/11/2017 10:00,289.8,88,1012,0
10/11/2017 11:00,289.21,88,1011,0
10/11/2017 12:00,288.67,88,1011,0
10/11/2017 13:00,288.13,93,1011,1
10/11/2017 14:00,287.35,88,1011,0
10/11/2017 15:00,287.33,93,1012,0
10/11/2017 16:00,288.82,62,1013,0
10/11/2017 17:00,291.03,88,1013,1
10/11/2017 18:00,293.39,77,1013,4
10/11/2017 19:00,295.09,68,1013,5
10/11/2017 20:00,296.33,60,1013,1
10/11/2017 21:00,297.28,56,1012,1
10/11/2017 22:00,297.54,56,1012,1
10/11/2017 23:00,297.94,53,1011,1
10/12/2017 0:00,297.61,60,1011,3
10/12/2017 1:00,296.6,60,1011,2
10/12/2017 2:00,294.63,64,1011,1
10/12/2017 3:00,292.75,88,1012,1
10/12/2017 4:00,291.65,82,1011,1
10/12/2017 5:00,290.93,82,1012,1
10/12/2017 6:00,290.84,88,1012,0
10/12/2017 7:00,290.3,82,1013,0
10/12/2017 8:00,289.68,82,1012,0
10/12/2017 9:00,289.38,87,1013,0
10/12/2017 10:00,289.29,88,1013,0
10/12/2017 11:00,289.3,82,1013,0
10/12/2017 12:00,289.3,87,1013,1
10/12/2017 13:00,289.65,87,1013,0
10/12/2017 14:00,289.57,72,1014,1
10/12/2017 15:00,288.79,72,1013,1
10/12/2017 16:00,289.15,72,1014,1
10/12/2017 17:00,290.38,64,1015,2
10/12/2017 18:00,291.97,68,1015,1
10/12/2017 19:00,293.77,53,1014,0
10/12/2017 20:00,294.91,46,1014,1
10/12/2017 21:00,296.21,56,1013,5
10/12/2017 22:00,296.88,53,1013,1
10/12/2017 23:00,297.16,56,1013,2
10/13/2017 0:00,296.87,64,1013,3
10/13/2017 1:00,296.1,60,1012,2
10/13/2017 2:00,294.33,68,1012,2
10/13/2017 3:00,292.78,82,1012,1
10/13/2017 4:00,291.48,82,1014,2
10/13/2017 5:00,291.08,88,1013,0
10/13/2017 6:00,290.84,88,1014,0
10/13/2017 7:00,290.06,88,1014,0
10/13/2017 8:00,289.6,88,1014,0
10/13/2017 9:00,289.39,88,1014,0
10/13/2017 10:00,288.76,82,1014,0
10/13/2017 11:00,287.99,93,1014,0
10/13/2017 12:00,287.98,100,1014,1
10/13/2017 13:00,287.15,82,1015,0
10/13/2017 14:00,286.76,87,1015,0
10/13/2017 15:00,287.07,87,1015,0
10/13/2017 16:00,287.88,88,1016,0
10/13/2017 17:00,290.39,88,1016,0
10/13/2017 18:00,292.27,68,1017,1
10/13/2017 19:00,294.27,64,1016,0
10/13/2017 20:00,295.84,53,1015,1
10/13/2017 21:00,297.21,53,1015,2
10/13/2017 22:00,297.98,53,1014,1
10/13/2017 23:00,297.73,60,1013,2
10/14/2017 0:00,297.69,64,1013,2
10/14/2017 1:00,297.652,27,960,1
10/14/2017 2:00,295.21,73,1013,1
10/14/2017 3:00,293.92,73,1013,1
10/14/2017 4:00,292.82,77,1014,1
10/14/2017 5:00,291.41,82,1015,0
10/14/2017 6:00,291.3,82,1015,0
10/14/2017 7:00,290.45,88,1015,0
10/14/2017 8:00,290.15,88,1014,1
10/14/2017 9:00,289.29,82,1014,1
10/14/2017 10:00,289.14,88,1014,1
10/14/2017 11:00,288.37,82,1015,0
10/14/2017 12:00,287.69,100,1014,0
10/14/2017 13:00,287.23,100,1016,0
10/14/2017 14:00,287.57,93,1016,0
10/14/2017 15:00,286.75,82,1015,0
10/14/2017 16:00,287.67,87,1016,0
10/14/2017 17:00,290.74,72,1016,1
10/14/2017 18:00,293.86,56,1016,1
10/14/2017 19:00,296.92,39,1015,1
10/14/2017 20:00,299.09,30,1015,0
10/14/2017 21:00,301.34,23,1015,0
10/14/2017 22:00,301.87,27,1014,0
10/14/2017 23:00,302.05,33,1013,1
10/15/2017 0:00,301.87,39,1013,1
10/15/2017 1:00,301.33,44,1013,2
10/15/2017 2:00,298.96,53,1014,1
10/15/2017 3:00,296.15,56,1014,1
10/15/2017 4:00,295.74,64,1015,1
10/15/2017 5:00,294.59,64,1015,1
10/15/2017 6:00,292.9,68,1016,1
10/15/2017 7:00,291.73,68,1016,1
10/15/2017 8:00,291.32,93,1016,1
10/15/2017 9:00,290.83,93,1016,1
10/15/2017 10:00,290.67,93,1016,1
10/15/2017 11:00,289.82,93,1016,1
10/15/2017 12:00,288.65,100,1016,1
10/15/2017 13:00,289.7,93,1016,1
10/15/2017 14:00,289.84,93,1016,1
10/15/2017 15:00,289.68,93,1017,1
10/15/2017 16:00,291.65,22,1018,2
10/15/2017 17:00,296.5,17,1018,2
10/15/2017 18:00,300.15,13,1018,2
10/15/2017 19:00,303.52,8,1018,2
10/15/2017 20:00,305.74,7,1018,2
10/15/2017 21:00,306.74,23,1017,5
10/15/2017 22:00,306.59,7,1017,1
10/15/2017 23:00,306.68,5,1016,1
10/16/2017 0:00,305.22,14,1016,2
10/16/2017 1:00,304.98,6,1016,2
10/16/2017 2:00,302.53,17,1016,2
10/16/2017 3:00,298.9,27,1017,0
10/16/2017 4:00,297.34,33,1017,0
10/16/2017 5:00,295.99,38,1018,1
10/16/2017 6:00,294.15,43,1018,1
10/16/2017 7:00,293.37,46,1018,1
10/16/2017 8:00,292.52,49,1018,0
10/16/2017 9:00,291.75,49,1018,0
10/16/2017 10:00,291.68,42,1018,0
10/16/2017 11:00,290.98,43,1018,0
10/16/2017 12:00,291.22,21,1017,0
10/16/2017 13:00,291.22,21,1017,0
10/16/2017 14:00,289.98,22,1017,0
10/16/2017 15:00,290.29,34,1018,0
10/16/2017 16:00,291.94,22,1018,0
10/16/2017 17:00,296.58,13,1018,1
10/16/2017 18:00,300.27,10,1018,1
10/16/2017 19:00,304.08,9,1018,1
10/16/2017 20:00,305.96,8,1017,1
10/16/2017 21:00,307.42,8,1017,1
10/16/2017 22:00,306.98,11,1016,1
10/16/2017 23:00,306.49,11,1015,2
10/17/2017 0:00,305.8,13,1015,3
10/17/2017 1:00,304.98,11,1015,3
10/17/2017 2:00,303.77,35,1014,0
10/17/2017 3:00,299.92,35,1016,0
10/17/2017 4:00,298.53,36,1015,0
10/17/2017 5:00,296.86,38,1016,0
10/17/2017 6:00,295.6,38,1016,0
10/17/2017 7:00,294.29,40,1016,0
10/17/2017 8:00,293.76,46,1016,0
10/17/2017 9:00,292.6,49,1016,0
10/17/2017 10:00,292.21,37,1015,0
10/17/2017 11:00,291.45,26,1015,0
10/17/2017 12:00,290.9,18,1014,1
10/17/2017 13:00,291.31,26,1015,0
10/17/2017 14:00,290.44,30,1015,1
10/17/2017 15:00,290.72,34,1015,1
10/17/2017 16:00,292.08,37,1015,1
10/17/2017 17:00,296.46,23,1016,0
10/17/2017 18:00,299.67,17,1016,0
10/17/2017 19:00,302.73,11,1016,2
10/17/2017 20:00,304.97,10,1015,1
10/17/2017 21:00,304.99,15,1015,2
10/17/2017 22:00,304.81,30,1014,5
10/17/2017 23:00,305.28,22,1013,1
10/18/2017 0:00,305.39,22,1013,2
10/18/2017 1:00,304.28,28,1012,2
10/18/2017 2:00,301.75,32,1012,0
10/18/2017 3:00,298.96,44,1013,0
10/18/2017 4:00,298.55,41,1013,0
10/18/2017 5:00,297.22,47,1013,1
10/18/2017 6:00,296.48,47,1013,1
10/18/2017 7:00,295.9,47,1013,0
10/18/2017 8:00,294.73,49,1013,0
10/18/2017 9:00,294.56,53,1013,0
10/18/2017 10:00,293.22,60,1014,0
10/18/2017 11:00,293.31,68,1013,1
10/18/2017 12:00,292.65,68,1013,1
10/18/2017 13:00,292.73,68,1013,1
10/18/2017 14:00,291.83,68,1013,1
10/18/2017 15:00,291.35,72,1013,1
10/18/2017 16:00,292.27,64,1014,1
10/18/2017 17:00,295.15,60,1014,0
10/18/2017 18:00,297.45,41,1015,0
10/18/2017 19:00,299.32,37,1014,0
10/18/2017 20:00,300.93,35,1014,1
10/18/2017 21:00,301.57,39,1013,1
10/18/2017 22:00,301.94,37,1013,1
10/18/2017 23:00,301.33,39,1013,2
10/19/2017 0:00,300.77,34,1012,1
10/19/2017 1:00,299.87,39,1012,1
10/19/2017 2:00,298.39,44,1012,1
10/19/2017 3:00,296.57,53,1012,0
10/19/2017 4:00,295.28,64,1012,0
10/19/2017 5:00,294.65,73,1012,0
10/19/2017 6:00,293.65,68,1013,0
10/19/2017 7:00,293,94,1013,2
10/19/2017 8:00,292.65,94,1013,0
10/19/2017 9:00,291.76,100,1013,0
10/19/2017 10:00,291.53,93,1012,0
10/19/2017 11:00,291.22,82,1012,2
10/19/2017 12:00,291.06,82,1012,2
10/19/2017 13:00,291.22,82,1012,0
10/19/2017 14:00,291.07,82,1013,0
10/19/2017 15:00,290.67,82,1013,2
10/19/2017 16:00,291.51,73,1013,2
10/19/2017 17:00,292.79,64,1013,1
10/19/2017 18:00,294.09,64,1013,1
10/19/2017 19:00,295.21,69,1013,5
10/19/2017 20:00,296.29,73,1013,3
10/19/2017 21:00,296.72,60,1012,1
10/19/2017 22:00,296.62,60,1011,1
10/19/2017 23:00,296.51,73,1012,5
10/20/2017 0:00,295.84,69,1012,1
10/20/2017 1:00,295.49,68,1011,1
10/20/2017 2:00,294.27,64,1011,1
10/20/2017 3:00,293.09,73,1011,1
10/20/2017 4:00,292.09,77,1012,1
10/20/2017 5:00,291.58,88,1013,2
10/20/2017 6:00,291.38,72,1013,2
10/20/2017 7:00,291.3,72,1013,0
10/20/2017 8:00,291,82,1013,2
10/20/2017 9:00,290.68,82,1013,1
10/20/2017 10:00,290.75,82,1013,2
10/20/2017 11:00,290.52,88,1012,2
10/20/2017 12:00,290.36,88,1012,0
10/20/2017 13:00,290.65,93,1013,0
10/20/2017 14:00,290.53,88,1013,1
10/20/2017 15:00,290.48,77,1013,2
10/20/2017 16:00,290.71,72,1014,1
10/20/2017 17:00,291.65,72,1014,2
10/20/2017 18:00,292.42,64,1014,1
10/20/2017 19:00,293.65,64,1014,4
10/20/2017 20:00,294.91,53,1013,2
10/20/2017 21:00,295.45,56,1013,1
10/20/2017 22:00,295.28,60,1014,5
10/20/2017 23:00,294.84,56,1013,5
10/21/2017 0:00,294.84,60,1012,1
10/21/2017 1:00,293.86,68,1013,3
10/21/2017 2:00,292.83,60,1012,1
10/21/2017 3:00,291.96,64,1012,2
10/21/2017 4:00,291.68,68,1013,2
10/21/2017 5:00,291.14,63,1013,2
10/21/2017 6:00,290.83,63,1013,1
10/21/2017 7:00,290.68,29,1014,1
10/21/2017 8:00,290.29,77,1014,3
10/21/2017 9:00,289.83,37,1015,1
10/21/2017 10:00,289.37,77,1015,2
10/21/2017 11:00,288.75,59,1015,0
10/21/2017 12:00,288.37,82,1015,1
10/21/2017 13:00,288.3,59,1016,0
10/21/2017 14:00,287.43,55,1016,0
10/21/2017 15:00,287.49,55,1017,0
10/21/2017 16:00,287.83,55,1017,0
10/21/2017 17:00,290.56,48,1017,1
10/21/2017 18:00,292.09,26,1018,3
10/21/2017 19:00,293.85,53,1018,1
10/21/2017 20:00,295.81,41,1018,0
10/21/2017 21:00,296.68,36,1017,0
10/21/2017 22:00,297.21,47,1017,1
10/21/2017 23:00,298.03,38,1016,1
10/22/2017 0:00,298.1,33,1017,2
10/22/2017 1:00,297.62,31,1017,0
10/22/2017 2:00,295.98,37,1017,0
10/22/2017 3:00,294.8,42,1017,0
10/22/2017 4:00,293.7,43,1017,0
10/22/2017 5:00,292.94,49,1018,1
10/22/2017 6:00,291.48,52,1018,1
10/22/2017 7:00,290.39,52,1019,1
10/22/2017 8:00,291.54,55,1019,1
10/22/2017 9:00,289.97,52,1019,1
10/22/2017 10:00,289.07,66,1020,1
10/22/2017 11:00,288.47,45,1019,1
10/22/2017 12:00,288.39,42,1019,1
10/22/2017 13:00,288.59,58,1019,1
10/22/2017 14:00,288.59,31,1019,1
10/22/2017 15:00,288.07,36,1019,1
10/22/2017 16:00,289.74,31,1019,1
10/22/2017 17:00,294.81,28,1020,1
10/22/2017 18:00,298.46,15,1020,1
10/22/2017 19:00,301.39,13,1020,1
10/22/2017 20:00,303.27,14,1019,1
10/22/2017 21:00,304.92,11,1019,1
10/22/2017 22:00,305.21,11,1018,1
10/22/2017 23:00,305.62,16,1017,0
10/23/2017 0:00,305.42,18,1018,1
10/23/2017 1:00,304.88,18,1017,2
10/23/2017 2:00,302.05,14,1017,1
10/23/2017 3:00,298.74,19,1019,1
10/23/2017 4:00,296.92,36,1018,1
10/23/2017 5:00,294.87,53,1018,1
10/23/2017 6:00,294.98,53,1018,1
10/23/2017 7:00,293.14,60,1018,1
10/23/2017 8:00,293.33,60,1018,1
10/23/2017 9:00,293.57,64,1018,1
10/23/2017 10:00,292.9,49,1018,1
10/23/2017 11:00,292.57,37,1018,1
10/23/2017 12:00,292.05,25,1017,1
10/23/2017 13:00,292.61,28,1017,1
10/23/2017 14:00,292.68,30,1017,1
10/23/2017 15:00,291.71,32,1017,1
10/23/2017 16:00,293.83,26,1018,1
10/23/2017 17:00,299.02,19,1018,1
10/23/2017 18:00,303.79,16,1018,1
10/23/2017 19:00,306.86,12,1018,1
10/23/2017 21:00,310.29,8,1017,2
10/23/2017 22:00,310.32,7,1016,3
10/23/2017 23:00,311.03,7,1016,1
10/24/2017 0:00,310.6,6,1015,1
10/24/2017 1:00,310.03,7,1015,2
10/24/2017 2:00,308.22,10,1015,1
10/24/2017 3:00,304.63,15,1017,1
10/24/2017 4:00,302.27,18,1016,1
10/24/2017 5:00,301.45,24,1016,1
10/24/2017 6:00,300.87,29,1016,1
10/24/2017 7:00,300.41,33,1016,1
10/24/2017 8:00,298.59,31,1016,2
10/24/2017 9:00,298.58,33,1016,2
10/24/2017 10:00,298.65,11,1018,2
10/24/2017 11:00,298.43,11,1017,2
10/24/2017 12:00,298.58,23,1017,4
10/24/2017 13:00,298.38,40,1016,2
10/24/2017 14:00,299.71,23,1017,5
10/24/2017 15:00,299.64,43,1016,2
10/24/2017 16:00,301.15,10,1018,5
10/24/2017 17:00,304.27,36,1016,2
10/24/2017 18:00,307.1,12,1016,6
10/24/2017 19:00,309.28,10,1018,6
10/24/2017 20:00,310.44,12,1017,2
10/24/2017 21:00,311.5,10,1015,4
10/24/2017 22:00,311.8,13,1014,5
10/24/2017 23:00,312.52,9,1014,2
10/25/2017 0:00,311.92,9,1013,2
10/25/2017 1:00,310.5,12,1013,1
10/25/2017 2:00,308.28,15,1013,1
10/25/2017 3:00,306.02,19,1013,1
10/25/2017 4:00,304.88,25,1014,1
10/25/2017 5:00,303.8,30,1014,1
10/25/2017 6:00,303.24,30,1014,1
10/25/2017 7:00,302.7,34,1014,1
10/25/2017 8:00,301.47,36,1014,1
10/25/2017 9:00,300.08,41,1014,1
10/25/2017 10:00,299.32,38,1014,1
10/25/2017 11:00,298.08,37,1013,1
10/25/2017 12:00,297.31,35,1013,1
10/25/2017 13:00,296.46,37,1013,1
10/25/2017 14:00,296.07,28,1013,0
10/25/2017 15:00,294.75,22,1013,0
10/25/2017 16:00,295.32,30,1013,0
10/25/2017 17:00,300.15,20,1014,1
10/25/2017 18:00,303.91,12,1014,1
10/25/2017 19:00,306.97,9,1013,1
10/25/2017 20:00,308.91,8,1012,1
10/25/2017 21:00,309.68,7,1011,1
10/25/2017 22:00,309.91,6,1010,1
10/25/2017 23:00,309.39,7,1009,1
10/26/2017 0:00,309.22,11,1009,1
10/26/2017 1:00,307.35,11,1009,3
10/26/2017 2:00,304.59,11,1009,2
10/26/2017 3:00,301.59,16,1009,1
10/26/2017 4:00,300.15,18,1009,1
10/26/2017 5:00,298.72,22,1010,0
10/26/2017 6:00,297.31,40,1010,1
10/26/2017 7:00,296.06,33,1010,0
10/26/2017 8:00,295.23,31,1011,1
10/26/2017 9:00,293.99,31,1011,1
10/26/2017 10:00,293.4,33,1011,1
10/26/2017 11:00,292.98,37,1011,0
10/26/2017 12:00,291.29,40,1011,0
10/26/2017 13:00,291.06,45,1011,0
10/26/2017 14:00,291.56,42,1011,0
10/26/2017 15:00,290.5,37,1011,0
10/26/2017 16:00,291.89,34,1012,0
10/26/2017 17:00,295.81,25,1012,1
10/26/2017 18:00,299.02,14,1012,2
10/26/2017 19:00,301.88,15,1012,1
10/26/2017 20:00,303.9,13,1012,1
10/26/2017 21:00,305.15,14,1011,1
10/26/2017 22:00,304.96,13,1011,1
10/26/2017 23:00,304.86,17,1010,3
10/27/2017 0:00,304.04,11,1011,4
10/27/2017 1:00,303.16,21,1011,1
10/27/2017 2:00,300.45,24,1011,2
10/27/2017 3:00,298.33,31,1011,1
10/27/2017 4:00,296.82,38,1012,0
10/27/2017 5:00,295.76,43,1012,0
10/27/2017 6:00,294.28,40,1012,0
10/27/2017 7:00,293.42,43,1013,0
10/27/2017 8:00,292.37,49,1013,0
10/27/2017 9:00,291.6,56,1013,0
10/27/2017 10:00,290.84,59,1013,0
10/27/2017 11:00,290.3,55,1013,0
10/27/2017 12:00,290.07,63,1013,0
10/27/2017 13:00,289.37,55,1013,0
10/27/2017 14:00,288.75,48,1013,0
10/27/2017 15:00,288.54,45,1013,0
10/27/2017 16:00,289.54,37,1014,0
10/27/2017 17:00,293.67,30,1014,0
10/27/2017 18:00,296.32,29,1014,0
10/27/2017 19:00,298.68,24,1014,0
10/27/2017 20:00,299.99,20,1014,0
10/27/2017 21:00,301.32,37,1013,1
10/27/2017 22:00,301.6,18,1012,2
10/27/2017 23:00,301.76,34,1011,2
10/28/2017 0:00,301.52,28,1011,2
10/28/2017 1:00,300.58,36,1011,1
10/28/2017 2:00,298.6,38,1011,0
10/28/2017 3:00,296.51,33,1012,2
10/28/2017 4:00,294.77,68,1012,0
10/28/2017 5:00,293.15,82,1012,1
10/28/2017 6:00,292,88,1012,0
10/28/2017 7:00,291.43,77,1012,0
10/28/2017 8:00,290.77,100,1012,0
10/28/2017 9:00,290.15,100,1012,0
10/28/2017 10:00,289.46,93,1012,0
10/28/2017 11:00,289.57,93,1012,0
10/28/2017 12:00,288.98,93,1012,0
10/28/2017 13:00,288.83,93,1012,0
10/28/2017 14:00,288.75,87,1012,1
10/28/2017 15:00,288.63,100,1013,2
10/28/2017 16:00,288.67,93,1013,1
10/28/2017 17:00,290.15,100,1013,2
10/28/2017 18:00,292.6,88,1013,2
10/28/2017 19:00,294.99,73,1013,0
10/28/2017 20:00,297.22,60,1012,1
10/28/2017 21:00,298.6,47,1011,1
10/28/2017 22:00,299.93,54,1011,1
10/28/2017 23:00,299.56,60,1010,1
10/29/2017 0:00,298.84,77,1010,8
10/29/2017 1:00,297.68,88,1011,4
10/29/2017 2:00,295.41,88,1011,2
10/29/2017 3:00,293.58,88,1011,2
10/29/2017 4:00,292.38,88,1011,0
10/29/2017 5:00,291.42,88,1012,1
10/29/2017 6:00,290.65,93,1012,1
10/29/2017 7:00,290.49,88,1012,1
10/29/2017 8:00,289.92,93,1012,1
10/29/2017 9:00,289.82,100,1012,1
10/29/2017 10:00,289.08,100,1012,1
10/29/2017 11:00,289.53,88,1012,1
10/29/2017 12:00,289.23,93,1011,1
10/29/2017 13:00,289.15,100,1011,2
10/29/2017 14:00,289.07,93,1012,1
10/29/2017 15:00,288.65,93,1012,1
10/29/2017 16:00,288.81,93,1013,2
10/29/2017 17:00,288.8,100,1013,1
10/29/2017 18:00,290.4,87,1013,2
10/29/2017 19:00,291.93,77,1013,2
10/29/2017 20:00,293.65,73,1012,2
10/29/2017 21:00,294.66,68,1012,4
10/29/2017 22:00,294.88,77,1012,5
10/29/2017 23:00,294.85,77,1011,3
10/30/2017 0:00,294.3,72,1011,3
10/30/2017 1:00,292.73,77,1011,3
10/30/2017 2:00,291.65,77,1011,1
10/30/2017 3:00,291.15,77,1011,0
10/30/2017 4:00,290.9,82,1012,3
10/30/2017 5:00,290.84,82,1013,0
10/30/2017 6:00,290.84,72,1012,2
10/30/2017 7:00,290.92,82,1012,3
10/30/2017 8:00,290.86,77,1013,3
10/30/2017 9:00,290.84,82,1012,3
10/30/2017 10:00,290.69,82,1012,2
10/30/2017 11:00,290.54,82,1012,2
10/30/2017 12:00,290.62,100,1012,0
10/30/2017 13:00,290.53,77,1012,3
10/30/2017 14:00,290.53,68,1012,3
10/30/2017 15:00,290.58,77,1012,2
10/30/2017 16:00,290.46,72,1012,1
10/30/2017 17:00,291.22,82,1013,1
10/30/2017 18:00,291.78,68,1013,1
10/30/2017 19:00,292.56,77,1013,3
10/30/2017 20:00,292.72,64,1012,1
10/30/2017 21:00,293.42,64,1011,2
10/30/2017 22:00,293.65,63,1011,2
10/30/2017 23:00,293.33,68,1011,5
10/31/2017 0:00,292.84,68,1011,1
10/31/2017 1:00,292.32,64,1010,1
10/31/2017 2:00,291.75,88,1011,4
10/31/2017 3:00,291.41,77,1011,2
10/31/2017 4:00,291.21,72,1011,2
10/31/2017 5:00,291.07,82,1011,3
10/31/2017 6:00,290.99,77,1012,2
10/31/2017 7:00,290.76,77,1012,1
10/31/2017 8:00,290.61,82,1012,3
10/31/2017 9:00,290.54,77,1012,0
10/31/2017 10:00,290.53,77,1012,0
10/31/2017 11:00,290.53,77,1012,0
10/31/2017 12:00,290.3,88,1012,0
10/31/2017 13:00,290.22,88,1012,0
10/31/2017 14:00,290.15,82,1012,1
10/31/2017 15:00,290.29,77,1013,2
10/31/2017 16:00,290.08,88,1013,3
10/31/2017 17:00,290.82,82,1015,1
10/31/2017 18:00,291.27,72,1014,1
10/31/2017 19:00,291.52,72,1014,3
10/31/2017 20:00,292.38,60,1013,1
10/31/2017 21:00,292.72,64,1013,1
10/31/2017 22:00,293.35,68,1012,1
10/31/2017 23:00,292.9,68,1012,1
11/1/2017 0:00,292.93,68,1012,1
11/1/2017 1:00,292.09,77,1012,2
11/1/2017 2:00,291.26,72,1012,2
11/1/2017 3:00,290.86,72,1013,2
11/1/2017 4:00,290.54,72,1013,2
11/1/2017 5:00,290.61,72,1013,1
11/1/2017 6:00,290.37,77,1014,0
11/1/2017 7:00,290.37,72,1014,1
11/1/2017 8:00,290.3,77,1014,2
11/1/2017 9:00,290.38,87,1014,0
11/1/2017 10:00,290.22,77,1014,0
11/1/2017 11:00,290.22,77,1014,0
11/1/2017 12:00,290.38,72,1013,0
11/1/2017 13:00,290.38,82,1013,0
11/1/2017 14:00,290.38,77,1013,1
11/1/2017 15:00,290.29,77,1013,1
11/1/2017 16:00,290.43,77,1013,1
11/1/2017 17:00,291.08,72,1014,0
11/1/2017 18:00,291.65,68,1014,2
11/1/2017 19:00,292.4,64,1015,2
11/1/2017 20:00,293.28,49,1014,1
11/1/2017 21:00,293.75,46,1013,1
11/1/2017 22:00,294.77,46,1013,1
11/1/2017 23:00,294.3,60,1013,5
11/2/2017 0:00,294.01,56,1012,2
11/2/2017 1:00,292.78,72,1013,1
11/2/2017 2:00,291.82,72,1013,2
11/2/2017 3:00,291.21,59,1015,2
11/2/2017 4:00,291.02,72,1014,1
11/2/2017 5:00,290.92,72,1015,0
11/2/2017 6:00,290.76,72,1015,0
11/2/2017 7:00,290.84,72,1016,0
11/2/2017 8:00,290.53,77,1016,2
11/2/2017 9:00,290.53,77,1016,3
11/2/2017 10:00,290.22,82,1016,1
11/2/2017 11:00,290.15,72,1016,2
11/2/2017 12:00,289.92,72,1015,0
11/2/2017 13:00,289.61,93,1016,3
11/2/2017 14:00,289.54,93,1016,2
11/2/2017 15:00,289.23,93,1017,2
11/2/2017 16:00,288.96,100,1017,2
11/2/2017 17:00,289.68,72,1018,2
11/2/2017 18:00,289.98,93,1019,5
11/2/2017 19:00,290.66,82,1018,3
11/2/2017 20:00,291.15,59,1018,1
11/2/2017 21:00,291.33,52,1018,1
11/2/2017 22:00,291.58,52,1017,1
11/2/2017 23:00,291.85,48,1017,1
11/3/2017 0:00,291.53,52,1017,1
11/3/2017 1:00,291.09,55,1017,2
11/3/2017 2:00,290.88,55,1018,1
11/3/2017 3:00,290.68,63,1018,0
11/3/2017 4:00,290.61,59,1018,1
11/3/2017 5:00,290.38,59,1019,0
11/3/2017 6:00,290.15,59,1019,0
11/3/2017 7:00,289.76,59,1019,0
11/3/2017 8:00,289.45,67,1019,0
11/3/2017 9:00,288.76,72,1019,0
11/3/2017 10:00,288.53,72,1019,0
11/3/2017 11:00,288.45,72,1019,0
11/3/2017 12:00,287.99,72,1019,0
11/3/2017 13:00,287.78,67,1019,0
11/3/2017 14:00,287.84,76,1019,0
11/3/2017 15:00,287.86,77,1019,1
11/3/2017 16:00,288.91,67,1019,0
11/3/2017 17:00,289.68,63,1020,2
11/3/2017 18:00,291.15,63,1020,0
11/3/2017 19:00,292.15,59,1020,0
11/3/2017 20:00,293.35,49,1019,1
11/3/2017 21:00,293.82,52,1018,1
11/3/2017 22:00,294.09,43,1017,1
11/3/2017 23:00,294.15,37,1017,2
11/4/2017 0:00,293.45,40,1017,1
11/4/2017 1:00,292.74,45,1017,2
11/4/2017 2:00,291.88,59,1017,2
11/4/2017 3:00,291.42,68,1017,2
11/4/2017 4:00,291.02,68,1017,0
11/4/2017 5:00,290.45,72,1016,2
11/4/2017 6:00,289.99,72,1016,0
11/4/2017 7:00,289.81,67,1017,0
11/4/2017 8:00,288.99,67,1016,0
11/4/2017 9:00,288.97,67,1016,0
11/4/2017 10:00,288.22,72,1016,0
11/4/2017 11:00,287.89,72,1016,0
11/4/2017 12:00,287.39,82,1015,0
11/4/2017 13:00,286.21,82,1015,0
11/4/2017 14:00,286.48,82,1016,0
11/4/2017 15:00,285.99,82,1016,0
11/4/2017 16:00,286.4,82,1016,0
11/4/2017 17:00,288.85,67,1016,1
11/4/2017 18:00,291.08,63,1016,1
11/4/2017 19:00,292.28,56,1017,1
11/4/2017 20:00,293.9,49,1016,1
11/4/2017 21:00,294.59,49,1015,2
11/4/2017 22:00,295.02,46,1015,2
11/4/2017 23:00,294.88,56,1015,2
11/5/2017 0:00,294.27,52,1015,2
11/5/2017 1:00,293.55,60,1015,3
11/5/2017 2:00,292.03,68,1015,3
11/5/2017 3:00,291.22,68,1017,2
11/5/2017 4:00,291.02,77,1017,0
11/5/2017 5:00,290.37,77,1017,0
11/5/2017 6:00,290.07,82,1017,0
11/5/2017 7:00,289.64,82,1017,0
11/5/2017 8:00,289.15,82,1018,2
11/5/2017 9:00,289.46,87,1017,0
11/5/2017 10:00,289.54,87,1017,1
11/5/2017 11:00,289.45,82,1018,2
11/5/2017 12:00,289.37,93,1018,0
11/5/2017 13:00,289.07,87,1018,0
11/5/2017 14:00,288.76,93,1018,0
11/5/2017 15:00,288.68,93,1018,1
11/5/2017 16:00,289.22,93,1020,2
11/5/2017 17:00,290.08,88,1020,0
11/5/2017 18:00,290.26,82,1020,2
11/5/2017 19:00,291.48,72,1019,0
11/5/2017 20:00,292.08,68,1019,0
11/5/2017 21:00,293.21,60,1017,2
11/5/2017 22:00,293.96,60,1017,2
11/5/2017 23:00,293.95,56,1017,2
11/6/2017 0:00,293.21,60,1017,2
11/6/2017 1:00,292.45,59,1017,2
11/6/2017 2:00,291.34,63,1017,1
11/6/2017 3:00,290.48,72,1017,1
11/6/2017 4:00,290.15,72,1017,0
11/6/2017 5:00,289.88,72,1018,0
11/6/2017 6:00,289.53,77,1018,0
11/6/2017 7:00,288.79,58,1017,7
11/6/2017 8:00,288.21,77,1018,0
11/6/2017 9:00,287.64,77,1018,0
11/6/2017 10:00,287.84,82,1018,0
11/6/2017 11:00,287.76,72,1018,0
11/6/2017 12:00,287.68,67,1018,0
11/6/2017 13:00,287.53,82,1018,0
11/6/2017 14:00,287.53,87,1019,1
11/6/2017 15:00,287.6,72,1018,1
11/6/2017 16:00,288.07,77,1019,1
11/6/2017 17:00,289.58,72,1019,1
11/6/2017 18:00,291.22,68,1019,2
11/6/2017 19:00,292.65,56,1019,2
11/6/2017 20:00,293.46,52,1019,1
11/6/2017 21:00,294.21,49,1018,1
11/6/2017 22:00,294.28,64,1018,2
11/6/2017 23:00,294.35,56,1017,1
11/7/2017 0:00,294.15,56,1017,2
11/7/2017 1:00,293.49,60,1017,2
11/7/2017 2:00,291.86,59,1017,2
11/7/2017 3:00,291.35,68,1017,1
11/7/2017 4:00,291.15,68,1018,1
11/7/2017 5:00,291.03,68,1018,1
11/7/2017 6:00,290.43,77,1018,0
11/7/2017 7:00,289.79,77,1019,0
11/7/2017 8:00,289.84,77,1019,0
11/7/2017 9:00,289.3,82,1019,0
11/7/2017 10:00,289.15,82,1019,0
11/7/2017 11:00,288.92,82,1018,0
11/7/2017 12:00,288.29,82,1019,0
11/7/2017 13:00,288.07,82,1019,0
11/7/2017 14:00,287.84,77,1019,0
11/7/2017 15:00,287.57,72,1019,0
11/7/2017 16:00,287.93,72,1019,0
11/7/2017 17:00,288.79,77,1020,0
11/7/2017 18:00,291.43,59,1020,0
11/7/2017 19:00,293.62,52,1019,0
11/7/2017 20:00,295.28,43,1019,1
11/7/2017 21:00,295.84,40,1018,1
11/7/2017 22:00,296.21,49,1017,2
11/7/2017 23:00,296.59,46,1017,3
11/8/2017 0:00,296.33,49,1017,2
11/8/2017 1:00,294.84,46,1017,2
11/8/2017 2:00,293.89,49,1017,0
11/8/2017 3:00,292.59,52,1017,1
11/8/2017 4:00,292.01,63,1018,0
11/8/2017 5:00,291.29,68,1017,0
11/8/2017 6:00,290.46,77,1018,0
11/8/2017 7:00,290.23,82,1018,0
11/8/2017 8:00,289.6729061,82,1018,0
11/8/2017 9:00,288.99,82,1018,1
11/8/2017 10:00,288.53,82,1019,1
11/8/2017 11:00,286.92,82,1018,1
11/8/2017 12:00,287.06,82,1018,1
11/8/2017 13:00,286.65,82,1017,1
11/8/2017 14:00,286.3,82,1017,0
11/8/2017 15:00,286.15,76,1017,0
11/8/2017 16:00,286.5,71,1018,0
11/8/2017 17:00,289.65,63,1018,1
11/8/2017 18:00,292.48,56,1018,1
11/8/2017 19:00,294.61,44,1018,1
11/8/2017 20:00,296.21,44,1018,1
11/8/2017 21:00,296.94,44,1017,1
11/8/2017 22:00,296.59,49,1016,3
11/8/2017 23:00,296.49,53,1016,2
11/9/2017 0:00,295.86,60,1016,2
11/9/2017 1:00,295.03,60,1016,1
11/9/2017 2:00,293.45,72,1016,1
11/9/2017 3:00,292.16,88,1017,2
11/9/2017 4:00,291.44,88,1017,5
11/9/2017 5:00,290.77,82,1016,1
11/9/2017 6:00,290.46,88,1017,0
11/9/2017 7:00,290.15,88,1017,0
11/9/2017 8:00,289.4662959,87,1017,0
11/9/2017 9:00,288.63,87,1017,0
11/9/2017 10:00,288.35,93,1017,4
11/9/2017 11:00,289,100,1017,0
11/9/2017 12:00,289.14,82,1017,2
11/9/2017 13:00,288.73,87,1018,0
11/9/2017 14:00,289.09,87,1018,0
11/9/2017 15:00,289,87,1018,0
11/9/2017 16:00,288.48,87,1019,0
11/9/2017 17:00,290.28,87,1019,0
11/9/2017 18:00,291.33,60,1019,0
11/9/2017 19:00,292.09,60,1018,0
11/9/2017 20:00,293.65,60,1018,1
11/9/2017 21:00,294.09,53,1017,1
11/9/2017 22:00,294.82,64,1017,4
11/9/2017 23:00,294.75,60,1016,1
11/10/2017 0:00,294.34,64,1017,4
11/10/2017 1:00,293.34,64,1016,2
11/10/2017 2:00,292.08,68,1016,2
11/10/2017 3:00,290.94,77,1016,2
11/10/2017 4:00,290.5,82,1016,0
11/10/2017 5:00,290.21,82,1016,0
11/10/2017 6:00,289.68,82,1016,0
11/10/2017 7:00,288.64,87,1017,0
11/10/2017 8:00,288.06,87,1017,1
11/10/2017 9:00,288.39,87,1016,0
11/10/2017 10:00,286.74,88,1016,0
11/10/2017 11:00,287.06,93,1016,0
11/10/2017 12:00,287.72,87,1016,0
11/10/2017 13:00,287.62,93,1016,1
11/10/2017 14:00,287.85,93,1016,1
11/10/2017 15:00,288,87,1017,1
11/10/2017 16:00,288.36,77,1017,1
11/10/2017 17:00,288.78,77,1017,1
11/10/2017 18:00,290.14,68,1017,2
11/10/2017 19:00,291.43,56,1016,1
11/10/2017 20:00,291.77,64,1016,3
11/10/2017 21:00,293.15,60,1015,4
11/10/2017 22:00,293.69,52,1014,1
11/10/2017 23:00,293.82,56,1014,3
11/11/2017 0:00,293.15,63,1014,2
11/11/2017 1:00,292.15,63,1015,2
11/11/2017 2:00,290.54,77,1015,2
11/11/2017 3:00,290.03,77,1015,2
11/11/2017 4:00,289.4,77,1015,0
11/11/2017 5:00,288.91,82,1016,0
11/11/2017 6:00,288.14,82,1016,0
11/11/2017 7:00,287.64,82,1016,0
11/11/2017 8:00,287.1697191,84,1016,1
11/11/2017 9:00,286.6,87,1016,1
11/11/2017 10:00,286.07,87,1016,1
11/11/2017 11:00,285.9,93,1016,1
11/11/2017 12:00,284.99,87,1016,1
11/11/2017 13:00,284.53,93,1016,1
11/11/2017 14:00,284.73,93,1017,1
11/11/2017 15:00,284.73,82,1016,1
11/11/2017 16:00,284.29,87,1016,1
11/11/2017 17:00,286.67,76,1018,0
11/11/2017 18:00,289.32,67,1018,0
11/11/2017 19:00,291.4,59,1017,0
11/11/2017 20:00,292.7,49,1017,1
11/11/2017 21:00,294.15,43,1015,1
11/11/2017 22:00,294.55,49,1015,3
11/11/2017 23:00,294.4,56,1015,3
11/12/2017 0:00,294.49,56,1015,3
11/12/2017 1:00,293.21,68,1015,1
11/12/2017 2:00,291.46,72,1015,1
11/12/2017 3:00,290.44,82,1015,1
11/12/2017 4:00,289.77,82,1016,0
11/12/2017 5:00,289.21,87,1016,0
11/12/2017 6:00,288.5,82,1016,0
11/12/2017 7:00,288.06,93,1017,0
11/12/2017 8:00,287.22,87,1018,1
11/12/2017 9:00,286.99,93,1017,1
11/12/2017 10:00,286.6,100,1017,1
11/12/2017 11:00,286.46,93,1018,1
11/12/2017 12:00,286.08,100,1017,1
11/12/2017 13:00,286.15,87,1018,1
11/12/2017 14:00,284.72,93,1018,1
11/12/2017 15:00,285.15,87,1018,1
11/12/2017 16:00,285.47,93,1018,2
11/12/2017 17:00,287.02,77,1018,2
11/12/2017 18:00,288.89,77,1018,0
11/12/2017 19:00,290.46,68,1019,1
11/12/2017 20:00,291.52,72,1018,1
11/12/2017 21:00,291.96,68,1017,1
11/12/2017 22:00,292.81,64,1017,1
11/12/2017 23:00,293.45,56,1017,1
11/13/2017 0:00,292.92,68,1017,2
11/13/2017 1:00,291.95,72,1017,0
11/13/2017 2:00,291.21,77,1017,0
11/13/2017 3:00,290.59,77,1018,0
11/13/2017 4:00,289.96,77,1018,0
11/13/2017 5:00,289.02,82,1018,0
11/13/2017 6:00,288.86,82,1019,0
11/13/2017 7:00,288.22,82,1019,0
11/13/2017 8:00,287.3,87,1018,0
11/13/2017 9:00,286.14,87,1019,0
11/13/2017 10:00,286,93,1020,0
11/13/2017 11:00,285.23,100,1019,0
11/13/2017 12:00,284.53,93,1019,0
11/13/2017 13:00,284.39,93,1019,0
11/13/2017 14:00,284.3,93,1019,1
11/13/2017 15:00,284.08,93,1020,1
11/13/2017 16:00,283.95,100,1020,1
11/13/2017 17:00,285.97,71,1020,0
11/13/2017 18:00,288.61,59,1021,0
11/13/2017 19:00,290.97,52,1021,0
11/13/2017 20:00,293.09,59,1020,1
11/13/2017 21:00,294.68,46,1019,1
11/13/2017 22:00,295.26,36,1019,1
11/13/2017 23:00,295.93,43,1018,0
11/14/2017 0:00,296.03,31,1018,2
11/14/2017 1:00,294.38,52,1018,2
11/14/2017 2:00,292.34,59,1018,1
11/14/2017 3:00,290.84,77,1019,0
11/14/2017 4:00,289.95,63,1019,0
11/14/2017 5:00,289.02,82,1019,1
11/14/2017 6:00,288.3,82,1019,1
11/14/2017 7:00,286.93,87,1019,1
11/14/2017 8:00,286.75,87,1019,1
11/14/2017 9:00,286.06,87,1018,1
11/14/2017 10:00,285.29,93,1019,1
11/14/2017 11:00,284.99,93,1018,0
11/14/2017 12:00,284.68,76,1018,0
11/14/2017 13:00,284.68,67,1018,0
11/14/2017 14:00,284.83,81,1019,1
11/14/2017 15:00,284.38,87,1020,1
11/14/2017 16:00,285,81,1019,1
11/14/2017 17:00,287.71,71,1019,1
11/14/2017 18:00,291.21,52,1019,1
11/14/2017 19:00,293.68,40,1019,1
11/14/2017 20:00,295.44,35,1018,2
11/14/2017 21:00,297.15,33,1017,1
11/14/2017 22:00,297.8,36,1016,1
11/14/2017 23:00,297.86,38,1016,1
11/15/2017 0:00,297.22,38,1016,0
11/15/2017 1:00,296.04,40,1015,2
11/15/2017 2:00,293.87,38,1016,2
11/15/2017 3:00,292.62,45,1016,1
11/15/2017 4:00,291.28,68,1016,0
11/15/2017 5:00,290.44,72,1016,0
11/15/2017 6:00,289.35,72,1016,0
11/15/2017 7:00,289.14,72,1016,0
11/15/2017 8:00,288.6581816,72,1016,1
11/15/2017 9:00,288.06,72,1016,1
11/15/2017 10:00,287.56,87,1016,1
11/15/2017 11:00,287.4,82,1015,1
11/15/2017 12:00,286.52,77,1015,1
11/15/2017 13:00,286.76,71,1014,1
11/15/2017 14:00,286.61,76,1015,1
11/15/2017 15:00,286.9,76,1015,1
11/15/2017 16:00,286.34,71,1015,1
11/15/2017 17:00,288.33,59,1015,1
11/15/2017 18:00,291.79,48,1015,1
11/15/2017 19:00,294.35,35,1015,1
11/15/2017 20:00,295.31,33,1015,1
11/15/2017 21:00,296.51,56,1015,3
11/15/2017 22:00,297.86,29,1013,1
11/15/2017 23:00,297.97,36,1015,6
11/16/2017 0:00,297.66,36,1014,2
11/16/2017 1:00,297.05,43,1014,1
11/16/2017 2:00,295.35,46,1014,0
11/16/2017 3:00,293.21,45,1014,0
11/16/2017 4:00,292.32,56,1015,0
11/16/2017 5:00,291.52,68,1015,0
11/16/2017 6:00,290.72,68,1015,0
11/16/2017 7:00,290.3,72,1015,0
11/16/2017 8:00,289.53,72,1015,0
11/16/2017 9:00,288.99,72,1015,0
11/16/2017 10:00,289.45,72,1014,0
11/16/2017 11:00,288.76,72,1014,0
11/16/2017 12:00,288.3,72,1014,0
11/16/2017 13:00,287.84,59,1013,0
11/16/2017 14:00,287.84,63,1014,0
11/16/2017 15:00,287.99,72,1014,0
11/16/2017 16:00,288.61,55,1014,0
11/16/2017 17:00,290.27,59,1015,0
11/16/2017 18:00,291.58,55,1015,0
11/16/2017 19:00,294.44,40,1015,0
11/16/2017 20:00,296.58,33,1015,1
11/16/2017 21:00,297.65,31,1014,1
11/16/2017 22:00,297.86,38,1014,2
11/16/2017 23:00,297.86,38,1014,2
11/17/2017 0:00,297.45,38,1013,2
11/17/2017 1:00,296.39,38,1013,2
11/17/2017 2:00,294.82,49,1014,1
11/17/2017 3:00,294.69,56,1014,1
11/17/2017 4:00,293.65,56,1015,1
11/17/2017 5:00,293.46,56,1015,0
11/17/2017 6:00,292.86,52,1015,0
11/17/2017 7:00,292.07,52,1015,0
11/17/2017 8:00,291.77,59,1015,0
11/17/2017 9:00,291.38,63,1015,0
11/17/2017 10:00,290.76,82,1015,0
11/17/2017 11:00,290.84,82,1015,0
11/17/2017 12:00,290.92,77,1015,0
11/17/2017 13:00,290.43,82,1016,0
11/17/2017 14:00,290.29,82,1016,1
11/17/2017 15:00,290.15,82,1017,0
11/17/2017 16:00,290.21,88,1018,1
11/17/2017 17:00,290.41,77,1018,1
11/17/2017 18:00,291.26,82,1018,1
11/17/2017 19:00,292.65,72,1019,1
11/17/2017 20:00,293.98,60,1018,1
11/17/2017 21:00,294.74,60,1017,1
11/17/2017 22:00,295.04,64,1017,1
11/17/2017 23:00,295.35,60,1016,2
11/18/2017 0:00,294.84,64,1017,3
11/18/2017 1:00,293.82,72,1017,3
11/18/2017 2:00,292.15,77,1016,2
11/18/2017 3:00,291.5,77,1017,1
11/18/2017 4:00,291.02,77,1018,2
11/18/2017 5:00,290.32,88,1019,2
11/18/2017 6:00,289.57,87,1019,1
11/18/2017 7:00,289.38,87,1020,3
11/18/2017 8:00,289.07,77,1019,1
11/18/2017 9:00,288.55,100,1020,1
11/18/2017 10:00,287.54,100,1020,1
11/18/2017 11:00,287,82,1020,0
11/18/2017 12:00,286.38,100,1019,2
11/18/2017 13:00,286,87,1020,0
11/18/2017 14:00,285.23,100,1020,1
11/18/2017 15:00,285.3,93,1021,1
11/18/2017 16:00,285.08,100,1021,2
11/18/2017 17:00,287.77,72,1021,1
11/18/2017 18:00,291.21,52,1021,1
11/18/2017 19:00,293.38,43,1021,1
11/18/2017 20:00,295.38,46,1021,1
11/18/2017 21:00,296.78,41,1020,1
11/18/2017 22:00,297.4,33,1019,1
11/18/2017 23:00,297.39,33,1018,1
11/19/2017 0:00,297.03,41,1017,2
11/19/2017 1:00,295.32,46,1018,2
11/19/2017 2:00,293.16,82,1018,2
11/19/2017 3:00,292.22,55,1018,1
11/19/2017 4:00,291.35,59,1018,1
11/19/2017 5:00,290.44,63,1018,1
11/19/2017 6:00,289.87,59,1018,1
11/19/2017 7:00,289.22,27,1019,1
11/19/2017 8:00,288.39,25,1018,1
11/19/2017 9:00,288.22,25,1019,1
11/19/2017 10:00,287.91,26,1018,1
11/19/2017 11:00,286.84,28,1018,1
11/19/2017 12:00,285.99,93,1017,1
11/19/2017 13:00,284.82,28,1018,1
11/19/2017 14:00,285.29,28,1017,1
11/19/2017 15:00,283.66,24,1018,0
11/19/2017 16:00,284.14,26,1018,1
11/19/2017 17:00,287.33,23,1018,1
11/19/2017 18:00,290.95,25,1018,1
11/19/2017 19:00,293.58,18,1018,1
11/19/2017 20:00,295.44,17,1017,1
11/19/2017 21:00,296.02,16,1016,1
11/19/2017 22:00,296.51,17,1015,1
11/19/2017 23:00,297.09,17,1014,0
11/20/2017 0:00,296.69,25,1014,2
11/20/2017 1:00,295.72,26,1014,2
11/20/2017 2:00,292.97,30,1014,2
11/20/2017 3:00,290.71,25,1016,1
11/20/2017 4:00,290.09,72,1016,0
11/20/2017 5:00,289.03,44,1016,1
11/20/2017 6:00,287.21,76,1016,1
11/20/2017 7:00,286.53,76,1016,1
11/20/2017 8:00,285.9,76,1016,2
11/20/2017 9:00,285.23,76,1016,1
11/20/2017 10:00,284.31,71,1016,1
11/20/2017 11:00,283.98,58,1016,1
11/20/2017 12:00,283.98,50,1016,1
11/20/2017 13:00,283.06,57,1016,1
11/20/2017 14:00,283.23,57,1015,1
11/20/2017 15:00,283.21,57,1016,1
11/20/2017 16:00,283.57,57,1017,1
11/20/2017 17:00,286.38,50,1017,1
11/20/2017 18:00,289.68,36,1017,1
11/20/2017 19:00,292.2,20,1018,1
11/20/2017 20:00,294.4,26,1017,1
11/20/2017 21:00,295.15,24,1017,1
11/20/2017 22:00,295.72,38,1016,1
11/20/2017 23:00,296.34,46,1015,0
11/21/2017 0:00,295.43,9,1018,10
11/21/2017 1:00,294.76,35,1015,1
11/21/2017 2:00,293.09,48,1016,1
11/21/2017 3:00,291.91,34,1016,0
11/21/2017 4:00,290.74,30,1017,0
11/21/2017 5:00,290.21,93,1016,1
11/21/2017 6:00,289.07,93,1016,1
11/21/2017 7:00,288.78,93,1016,1
11/21/2017 8:00,287.75,55,1017,0
11/21/2017 9:00,288.37,55,1017,0
11/21/2017 10:00,288.48,55,1017,0
11/21/2017 11:00,288.06,55,1017,0
11/21/2017 12:00,287.44,58,1016,0
11/21/2017 13:00,286.75,77,1016,0
11/21/2017 14:00,286.98,62,1016,0
11/21/2017 15:00,287.23,62,1017,0
11/21/2017 16:00,287.35,47,1017,0
11/21/2017 17:00,290.58,39,1018,1
11/21/2017 18:00,294.61,23,1018,1
11/21/2017 19:00,297.5,15,1021,4
11/21/2017 20:00,300.03,23,1018,2
11/21/2017 21:00,302.15,11,1017,1
11/21/2017 22:00,302.35,21,1017,1
11/21/2017 23:00,301.49,21,1016,0
11/22/2017 0:00,301.1,22,1016,2
11/22/2017 1:00,300.49,22,1016,0
11/22/2017 2:00,297.86,72,1016,1
11/22/2017 3:00,295.9,33,1016,1
11/22/2017 4:00,294.28,43,1016,1
11/22/2017 5:00,293.79,46,1017,1
11/22/2017 6:00,292.06,52,1017,1
11/22/2017 7:00,291.31,52,1017,1
11/22/2017 8:00,291.05,28,1017,0
11/22/2017 9:00,290.83,29,1017,0
11/22/2017 10:00,290.28,26,1017,1
11/22/2017 11:00,290.68,22,1017,1
11/22/2017 12:00,289.91,22,1017,1
11/22/2017 13:00,289.99,22,1016,1
11/22/2017 14:00,289.06,55,1016,1
11/22/2017 15:00,289.14,28,1017,2
11/22/2017 16:00,288.13,28,1017,0
11/22/2017 17:00,293.8,30,1018,1
11/22/2017 18:00,298.47,25,1018,1
11/22/2017 19:00,301.62,17,1018,1
11/22/2017 20:00,304.52,14,1017,1
11/22/2017 21:00,305.84,14,1016,1
11/22/2017 22:00,306.1,15,1016,1
11/22/2017 23:00,306.47,12,1015,1
11/23/2017 0:00,305.48,16,1015,2
11/23/2017 1:00,303.99,17,1015,0
11/23/2017 2:00,300.8,22,1016,1
11/23/2017 3:00,298.81,27,1019,1
11/23/2017 4:00,296.64,19,1019,1
11/23/2017 5:00,296.02,37,1016,1
11/23/2017 6:00,294.44,43,1017,1
11/23/2017 7:00,294.14,35,1017,1
11/23/2017 8:00,293.67,28,1017,1
11/23/2017 9:00,292.67,30,1017,1
11/23/2017 10:00,292.59,30,1016,2
11/23/2017 11:00,291.13,30,1016,1
11/23/2017 12:00,290.89,30,1016,1
11/23/2017 13:00,290.28,32,1016,1
11/23/2017 14:00,290.2,32,1016,2
11/23/2017 15:00,290.12,32,1016,2
11/23/2017 16:00,289.79,30,1016,1
11/23/2017 17:00,293.79,30,1017,1
11/23/2017 18:00,297.97,24,1017,1
11/23/2017 19:00,300.83,19,1016,1
11/23/2017 20:00,303.14,16,1016,1
11/23/2017 21:00,304.83,15,1015,1
11/23/2017 22:00,304.84,16,1014,1
11/23/2017 23:00,304.68,21,1013,0
11/24/2017 0:00,304.27,20,1013,0
11/24/2017 1:00,302.1,23,1015,3
11/24/2017 2:00,299.1,27,1013,0
11/24/2017 3:00,297.02,40,1013,0
11/24/2017 4:00,295.08,46,1013,0
11/24/2017 5:00,293.68,56,1013,0
11/24/2017 6:00,293,63,1014,0
11/24/2017 7:00,291.07,68,1014,0
11/24/2017 8:00,290.99,72,1013,1
11/24/2017 9:00,290.14,68,1013,0
11/24/2017 10:00,289.9,72,1013,0
11/24/2017 11:00,288.91,63,1013,0
11/24/2017 12:00,288.98,72,1013,0
11/24/2017 13:00,287.9,72,1013,0
11/24/2017 14:00,287.97,63,1012,1
11/24/2017 15:00,287.06,62,1013,1
11/24/2017 16:00,287,62,1013,1
11/24/2017 17:00,290.95,48,1013,0
11/24/2017 18:00,294.65,30,1014,0
11/24/2017 19:00,297.52,24,1014,0
11/24/2017 20:00,299.46,21,1013,2
11/24/2017 21:00,301.09,23,1012,1
11/24/2017 22:00,301.28,23,1011,1
11/24/2017 23:00,301.21,32,1011,0
11/25/2017 0:00,300.73,36,1011,0
11/25/2017 1:00,299.28,39,1011,0
11/25/2017 2:00,296.99,47,1011,0
11/25/2017 3:00,295.09,53,1011,0
11/25/2017 4:00,293.68,52,1012,0
11/25/2017 5:00,292.62,56,1012,0
11/25/2017 6:00,291.34,59,1013,0
11/25/2017 7:00,290.91,59,1013,0
11/25/2017 8:00,290.21,63,1014,0
11/25/2017 9:00,289.69,100,1014,1
11/25/2017 10:00,289.14,67,1014,1
11/25/2017 11:00,288.29,67,1014,1
11/25/2017 12:00,287.83,72,1014,1
11/25/2017 13:00,287.64,77,1014,1
11/25/2017 14:00,286.76,87,1015,0
11/25/2017 15:00,286.52,67,1015,0
11/25/2017 16:00,286.79,67,1015,0
11/25/2017 17:00,290.15,59,1016,0
11/25/2017 18:00,293.96,46,1016,0
11/25/2017 19:00,296.9,24,1017,0
11/25/2017 20:00,298.96,29,1016,1
11/25/2017 21:00,299.92,60,1016,3
11/25/2017 22:00,299.75,24,1015,1
11/25/2017 23:00,299.49,30,1015,1
11/26/2017 0:00,298.28,42,1015,0
11/26/2017 1:00,296.81,100,1016,1
11/26/2017 2:00,293.88,100,1016,2
11/26/2017 3:00,291.99,100,1017,1
11/26/2017 4:00,291.23,93,1018,0
11/26/2017 5:00,290.52,93,1018,0
11/26/2017 6:00,289.48,93,1018,0
11/26/2017 7:00,289.29,93,1018,0
11/26/2017 8:00,288.92,87,1018,0
11/26/2017 9:00,288.82,87,1018,0
11/26/2017 10:00,287.99,87,1018,0
11/26/2017 11:00,287.64,93,1019,0
11/26/2017 12:00,286.58,93,1019,1
11/26/2017 13:00,286.62,93,1018,0
11/26/2017 14:00,286.63,93,1018,0
11/26/2017 15:00,286.21,93,1019,0
11/26/2017 16:00,285.61,100,1020,0
11/26/2017 17:00,287.15,93,1020,1
11/26/2017 18:00,288.74,77,1020,1
11/26/2017 19:00,290.87,82,1020,2
11/26/2017 20:00,292.87,77,1019,1
11/26/2017 21:00,294.28,60,1017,1
11/26/2017 22:00,294.83,87,1017,4
11/26/2017 23:00,294.94,64,1016,3
11/27/2017 0:00,294.17,72,1016,2
11/27/2017 1:00,292.82,82,1016,3
11/27/2017 2:00,290.75,82,1016,2
11/27/2017 3:00,289.62,87,1016,3
11/27/2017 4:00,288.77,82,1016,2
11/27/2017 5:00,288.34,82,1016,1
11/27/2017 6:00,287.76,93,1017,0
11/27/2017 7:00,287.83,87,1017,7
11/27/2017 8:00,288.38,87,1018,4
11/27/2017 9:00,287.91,87,1016,2
11/27/2017 10:00,287.75,82,1016,2
11/27/2017 11:00,287.91,82,1016,0
11/27/2017 12:00,287.93,77,1015,2
11/27/2017 13:00,288.07,87,1015,1
11/27/2017 14:00,287.86,87,1016,0
11/27/2017 15:00,287.93,87,1016,2
11/27/2017 16:00,288.14,82,1017,4
11/27/2017 17:00,288.37,87,1017,2
11/27/2017 18:00,289.5,72,1017,2
11/27/2017 19:00,289.91,68,1016,1
11/27/2017 20:00,290.56,63,1016,1
11/27/2017 21:00,291.33,48,1015,2
11/27/2017 22:00,291.34,48,1014,2
11/27/2017 23:00,291.8,45,1014,2
11/28/2017 0:00,291.95,25,1015,7
11/28/2017 1:00,291.21,63,1014,4
11/28/2017 2:00,290.02,45,1013,2
11/28/2017 3:00,288.77,48,1013,1
11/28/2017 4:00,288.08,51,1014,1
11/28/2017 5:00,287.14,44,1015,2
11/28/2017 6:00,286.6,55,1015,1
11/28/2017 7:00,286.31,58,1016,0
11/28/2017 8:00,285.48,62,1015,1
11/28/2017 9:00,283.98,66,1015,1
11/28/2017 10:00,283.67,71,1014,1
11/28/2017 11:00,282.98,76,1014,1
11/28/2017 12:00,283.06,71,1014,1
11/28/2017 13:00,282.64,81,1014,1
11/28/2017 14:00,281.9,81,1014,1
11/28/2017 15:00,281.6,76,1015,1
11/28/2017 16:00,281.93,76,1015,1
11/28/2017 17:00,284.95,62,1016,1
11/28/2017 18:00,288.97,45,1017,1
11/28/2017 19:00,292.46,37,1016,1
11/28/2017 20:00,294.74,28,1016,1
11/28/2017 21:00,295.97,40,1015,5
11/28/2017 22:00,296.74,23,1014,1
11/28/2017 23:00,289.157,35,961,0
11/29/2017 0:00,295.48,28,1013,1
11/29/2017 1:00,293.76,37,1014,0
11/29/2017 2:00,292.47,42,1014,1
11/29/2017 3:00,291.21,52,1014,1
11/29/2017 4:00,290.42,45,1015,1
11/29/2017 5:00,289.34,50,1017,1
11/29/2017 6:00,289.07,67,1015,1
11/29/2017 7:00,288.42,82,1016,1
11/29/2017 8:00,287.22,82,1016,1
11/29/2017 9:00,286.55,82,1016,0
11/29/2017 10:00,286.22,87,1016,0
11/29/2017 11:00,285.22,87,1015,0
11/29/2017 12:00,284.55,93,1015,0
11/29/2017 13:00,284.22,93,1016,0
11/29/2017 14:00,283.63,93,1016,1
11/29/2017 15:00,283.21,87,1016,1
11/29/2017 16:00,282.93,82,1016,1
11/29/2017 17:00,285.64,58,1016,1
11/29/2017 18:00,289.02,42,1017,1
11/29/2017 19:00,292.03,32,1017,1
11/29/2017 20:00,293.55,24,1016,1
11/29/2017 21:00,295.68,21,1016,1
11/29/2017 22:00,295.96,23,1015,1
11/29/2017 23:00,295.65,14,1016,2
11/30/2017 0:00,294.93,56,1015,1
